jan_country,jancd,itemnm,scat1cd,scat1nm,scat2cd,scat2nm,scat3cd,scat3nm,scat4cd,scat4nm,scatnm,makercd,makernm,itemkikaku
0,1,1,1,1,1,1,1,1,0,0,1,1,1,1
000,1300,1300,1300,1300,1300,1300,1297,1297,170,170,1300,655,616,1300
001,298,298,298,298,298,298,281,281,1,1,298,144,88,298
002,149,149,149,149,149,149,147,147,2,2,149,60,48,149
003,60,60,60,60,60,60,60,60,1,1,60,17,15,60
004,97,97,97,97,97,97,97,97,4,4,97,39,27,97
005,391,391,391,391,391,391,386,386,4,4,391,214,82,391
006,94,94,94,94,94,94,94,94,7,7,94,56,35,94
007,30,30,30,30,30,30,30,30,1,1,30,13,13,30
008,182,182,182,182,182,182,168,168,3,3,182,96,83,182
009,44,40,44,44,44,44,43,43,4,4,44,29,29,44
010,71,71,71,71,71,71,71,71,5,5,71,30,27,71
011,222,222,222,222,222,222,222,222,12,12,222,93,88,222
012,287,287,287,287,287,287,287,287,7,7,287,117,113,287
013,399,399,399,399,399,399,398,398,2,2,399,36,32,399
014,525,525,525,525,525,525,525,525,1,1,525,17,17,525
015,66,66,66,66,66,66,66,66,0,0,66,15,15,66
016,22,22,22,22,22,22,22,22,0,0,22,5,2,22
017,157,157,157,157,157,157,156,156,3,3,157,32,28,157
018,110,110,110,110,110,110,110,110,4,4,110,50,50,110
019,73,73,73,73,73,73,73,73,12,12,73,41,39,73
020,97,97,97,97,97,97,96,96,0,0,97,16,10,97
021,108,108,108,108,108,108,107,107,1,1,108,28,28,108
022,68,68,68,68,68,68,68,68,2,2,68,32,30,68
023,53,53,53,53,53,53,52,52,0,0,53,20,16,53
024,58,58,58,58,58,58,58,58,1,1,58,21,18,58
025,40,40,40,40,40,40,40,40,6,6,40,25,22,40
026,27,27,27,27,25,25,24,24,3,3,27,10,7,27
027,25,25,25,25,25,25,18,18,0,0,25,16,8,25
028,51,51,51,51,51,51,51,51,7,7,51,17,16,51
029,30,30,30,30,30,30,30,30,0,0,30,23,21,30
030,44,44,44,44,44,44,44,44,0,0,44,29,27,44
031,34,34,34,34,34,34,33,33,1,1,34,6,6,34
032,11,11,11,11,11,11,11,11,3,3,11,8,8,11
033,43,43,43,43,43,43,43,43,1,1,43,25,25,43
034,54,54,54,54,54,54,53,53,2,2,54,39,38,54
035,10,10,10,10,10,10,10,10,0,0,10,5,5,10
036,11,11,11,11,9,9,9,9,1,1,11,3,3,11
037,27,27,27,27,27,27,27,27,0,0,27,5,5,27
038,18,18,18,18,18,18,18,18,1,1,18,12,11,18
039,81,80,81,81,81,81,81,81,7,7,81,66,47,81
040,4198,4099,4198,4198,4184,4184,4081,4081,274,274,4198,1495,1372,4198
041,576,576,576,576,576,576,575,575,20,20,576,174,173,576
042,156,156,156,156,156,156,155,155,0,0,156,38,29,156
043,228,228,228,228,228,228,228,228,15,15,228,134,40,228
044,130,130,130,130,130,130,129,129,19,19,130,52,50,130
045,59,59,59,59,59,59,59,59,2,2,59,25,24,59
046,130,130,130,130,130,130,130,130,2,2,130,58,53,130
047,50,50,50,50,50,50,50,50,0,0,50,29,28,50
048,47,47,47,47,47,47,47,47,1,1,47,25,22,47
049,60,60,60,60,60,60,57,57,0,0,60,18,15,60
050,246,246,246,246,246,246,246,246,1,1,246,205,21,246
051,23,23,23,23,23,23,23,23,0,0,23,12,12,23
052,23,23,23,23,23,23,23,23,0,0,23,11,10,23
053,61,61,61,61,61,61,61,61,0,0,61,48,48,61
054,12,12,12,12,12,12,11,11,0,0,12,3,1,12
055,42,42,42,42,42,42,39,39,0,0,42,18,16,42
056,6,6,6,6,6,6,6,6,0,0,6,1,1,6
057,75,75,75,75,75,75,75,75,0,0,75,75,73,75
058,18,18,18,18,18,18,18,18,3,3,18,8,7,18
059,4,4,4,4,4,4,4,4,0,0,4,1,1,4
060,49,49,49,49,49,49,49,49,0,0,49,18,16,49
061,73,73,73,73,73,73,73,73,0,0,73,40,39,73
062,65,65,65,65,65,65,65,65,1,1,65,45,44,65
063,222,222,222,222,222,222,222,222,0,0,222,47,41,222
064,25,25,25,25,25,25,25,25,0,0,25,17,16,25
065,38,38,38,38,38,38,38,38,0,0,38,27,27,38
066,113,113,113,113,113,113,113,113,12,12,113,79,60,113
067,88,88,88,88,88,88,88,88,3,3,88,57,52,88
068,60,60,60,60,60,60,60,60,2,2,60,36,31,60
069,24,24,24,24,24,24,23,23,0,0,24,13,13,24
070,44,44,44,44,44,44,44,44,0,0,44,21,20,44
071,176,176,176,176,176,176,174,174,0,0,176,112,105,176
072,198,198,198,198,198,198,198,198,0,0,198,143,140,198
073,105,105,105,105,105,105,103,103,0,0,105,58,53,105
074,100,98,100,100,100,100,100,100,0,0,100,65,65,100
075,74,74,74,74,74,74,73,73,0,0,74,52,52,74
076,38,38,38,38,38,38,38,38,0,0,38,29,29,38
077,66,66,66,66,66,66,66,66,0,0,66,55,52,66
078,91,91,91,91,91,91,90,90,0,0,91,73,70,91
079,70,70,70,70,70,70,70,70,0,0,70,41,40,70
080,304,304,304,304,304,304,301,301,0,0,304,232,214,304
081,635,634,635,635,635,635,629,629,2,2,635,340,318,635
082,389,389,389,389,389,389,389,389,2,2,389,140,131,389
083,233,233,233,233,233,233,229,229,0,0,233,153,146,233
084,132,132,132,132,132,132,130,130,0,0,132,79,74,132
085,429,429,429,429,429,429,425,425,0,0,429,287,265,429
086,127,127,127,127,127,127,127,127,0,0,127,92,74,127
087,210,210,210,210,208,208,208,208,0,0,210,156,140,210
088,198,198,198,198,198,198,197,197,0,0,198,146,129,198
089,210,210,210,210,209,209,207,207,0,0,210,141,134,210
090,183,183,183,183,183,183,183,183,0,0,183,15,7,183
091,7,7,7,7,7,7,6,6,0,0,7,2,2,7
092,81,81,81,81,81,81,81,81,0,0,81,73,52,81
093,48,48,48,48,48,48,48,48,0,0,48,26,21,48
094,17,17,17,17,17,17,17,17,0,0,17,11,11,17
095,190,190,190,190,190,190,190,190,0,0,190,40,38,190
096,67,67,67,67,66,66,66,66,9,9,67,51,44,67
097,22,22,22,22,22,22,22,22,8,8,22,18,18,22
098,26,26,26,26,26,26,26,26,0,0,26,18,17,26
099,12,12,12,12,12,12,12,12,0,0,12,2,2,12
10,1,1,1,1,1,1,1,1,0,0,1,1,1,1
100,296,296,296,296,296,296,291,291,13,13,296,127,127,296
101,71,70,71,71,71,71,71,71,1,1,71,45,45,71
102,12,11,12,12,12,12,11,11,0,0,12,8,8,12
103,36,36,36,36,36,36,36,36,16,16,36,28,27,36
104,8,8,8,8,8,8,8,8,0,0,8,4,4,8
105,6,6,6,6,6,6,6,6,0,0,6,3,3,6
106,15,15,15,15,15,15,15,15,0,0,15,5,5,15
107,15,15,15,15,15,15,15,15,1,1,15,5,3,15
108,10,10,10,10,10,10,10,10,1,1,10,7,7,10
109,157,156,157,157,157,157,157,157,6,6,157,35,26,157
110,15,15,15,15,15,15,14,14,0,0,15,10,10,15
111,130,130,130,130,130,130,129,129,0,0,130,32,30,130
112,17,17,17,17,17,17,14,14,0,0,17,8,6,17
113,4,4,4,4,4,4,4,4,0,0,4,3,3,4
114,35,35,35,35,35,35,35,35,0,0,35,10,10,35
115,5,5,5,5,5,5,5,5,1,1,5,2,2,5
116,5,5,5,5,5,5,5,5,3,3,5,3,3,5
117,5,5,5,5,5,5,5,5,1,1,5,5,5,5
118,2,2,2,2,2,2,2,2,0,0,2,2,2,2
119,8,8,8,8,8,8,8,8,0,0,8,4,4,8
120,23,23,23,23,23,23,22,22,0,0,23,11,11,23
121,3,3,3,3,3,3,3,3,2,2,3,0,0,3
122,3,3,3,3,3,3,3,3,0,0,3,3,3,3
123,8,8,8,8,8,8,5,5,0,0,8,0,0,8
124,2,2,2,2,2,2,2,2,0,0,2,2,2,2
125,7,7,7,7,7,7,7,7,2,2,7,6,6,7
126,3,3,3,3,3,3,3,3,1,1,3,2,2,3
127,6,6,6,6,6,6,6,6,0,0,6,2,2,6
128,11,11,11,11,11,11,11,11,0,0,11,2,2,11
129,17,17,17,17,17,17,17,17,0,0,17,4,4,17
130,15,15,15,15,15,15,15,15,2,2,15,5,4,15
131,14,14,14,14,14,14,14,14,0,0,14,0,0,14
132,47,47,47,47,47,47,46,46,3,3,47,10,10,47
133,11,11,11,11,11,11,11,11,0,0,11,0,0,11
135,3,3,3,3,3,3,3,3,0,0,3,0,0,3
136,1,1,1,1,1,1,1,1,0,0,1,0,0,1
137,5,5,5,5,5,5,5,5,0,0,5,3,3,5
138,5,5,5,5,5,5,5,5,0,0,5,1,1,5
139,3,3,3,3,3,3,3,3,0,0,3,2,2,3
14,1,1,1,1,1,1,1,1,0,0,1,1,1,1
140,33,33,33,33,33,33,33,33,0,0,33,22,22,33
141,584,584,584,584,584,584,584,584,267,267,584,500,495,584
142,2,2,2,2,2,2,2,2,0,0,2,2,2,2
143,11,11,11,11,11,11,11,11,0,0,11,9,9,11
144,7,7,7,7,7,7,7,7,0,0,7,2,2,7
145,8,8,8,8,8,8,8,8,0,0,8,3,3,8
147,12,12,12,12,12,12,12,12,0,0,12,2,2,12
148,13,13,13,13,13,13,13,13,0,0,13,5,5,13
149,2,2,2,2,2,2,2,2,0,0,2,0,0,2
150,13,13,13,13,13,13,13,13,0,0,13,2,2,13
151,84,84,84,84,84,84,80,80,0,0,84,0,0,84
152,1,1,1,1,1,1,1,1,0,0,1,0,0,1
153,6,6,6,6,6,6,6,6,0,0,6,1,1,6
154,1,1,1,1,1,1,1,1,0,0,1,0,0,1
155,8,8,8,8,8,8,8,8,1,1,8,2,2,8
156,13,13,13,13,13,13,13,13,1,1,13,5,5,13
157,4,4,4,4,4,4,4,4,0,0,4,1,1,4
158,12,12,12,12,12,12,11,11,0,0,12,8,8,12
159,18,17,18,18,18,18,18,18,0,0,18,5,5,18
160,5,5,5,5,5,5,5,5,0,0,5,1,1,5
161,17,17,17,17,17,17,17,17,0,0,17,8,8,17
162,3,3,3,3,3,3,3,3,0,0,3,0,0,3
163,3,3,3,3,3,3,3,3,0,0,3,1,1,3
164,19,19,19,19,19,19,19,19,8,8,19,10,10,19
165,3,3,3,3,3,3,3,3,0,0,3,1,1,3
166,18,18,18,18,18,18,18,18,3,3,18,6,6,18
167,6,6,6,6,6,6,6,6,0,0,6,1,1,6
168,5,5,5,5,5,5,5,5,0,0,5,3,3,5
169,12,12,12,12,12,12,12,12,8,8,12,12,12,12
170,64,64,64,64,64,64,64,64,2,2,64,13,13,64
171,17,17,17,17,17,17,17,17,6,6,17,13,13,17
172,6,6,6,6,6,6,6,6,1,1,6,4,4,6
173,14,14,14,14,14,14,14,14,6,6,14,9,9,14
174,8,8,8,8,8,8,8,8,3,3,8,4,4,8
175,46,46,46,46,46,46,46,46,4,4,46,23,23,46
176,30,30,30,30,30,30,30,30,10,10,30,29,29,30
177,34,34,34,34,34,34,34,34,2,2,34,5,5,34
178,113,113,113,113,113,113,113,113,7,7,113,75,73,113
179,14,14,14,14,14,14,14,14,3,3,14,8,8,14
180,2,2,2,2,2,2,2,2,0,0,2,0,0,2
181,6,6,6,6,6,6,6,6,0,0,6,5,4,6
182,5,5,5,5,5,5,5,5,1,1,5,1,1,5
183,14,14,14,14,14,14,14,14,8,8,14,8,8,14
184,27,27,27,27,27,27,27,27,17,17,27,23,23,27
185,11,11,11,11,11,11,11,11,4,4,11,7,7,11
186,15,15,15,15,15,15,15,15,6,6,15,7,7,15
187,10,10,10,10,10,10,10,10,4,4,10,9,9,10
188,39,39,39,39,39,39,39,39,0,0,39,15,12,39
189,32,32,32,32,32,32,32,32,8,8,32,26,26,32
190,27,27,27,27,27,27,27,27,6,6,27,11,11,27
191,41,41,41,41,41,41,41,41,0,0,41,31,4,41
192,13,13,13,13,13,13,13,13,1,1,13,1,1,13
193,35,35,35,35,35,35,35,35,5,5,35,18,18,35
194,28,28,28,28,28,28,28,28,13,13,28,28,28,28
195,20,20,20,20,20,20,20,20,4,4,20,17,17,20
196,13,13,13,13,13,13,13,13,0,0,13,10,10,13
197,27,27,27,27,27,27,27,27,2,2,27,16,16,27
198,6,6,6,6,6,6,6,6,0,0,6,2,2,6
199,15,15,15,15,15,15,15,15,2,2,15,11,11,15
2,1,1,1,1,1,1,1,1,0,0,1,0,0,1
200,6176,6171,6176,6176,6146,6146,6125,6125,373,373,6176,2480,2064,6176
201,756,731,756,756,753,753,734,734,44,44,756,344,333,756
202,26,26,26,26,26,26,26,26,4,4,26,16,16,26
203,533,533,533,533,533,533,533,533,8,8,533,85,76,533
204,27,27,27,27,27,27,27,27,6,6,27,25,25,27
205,73,73,73,73,73,73,73,73,6,6,73,38,38,73
206,21,21,21,21,20,20,17,17,0,0,21,2,2,21
207,18,18,18,18,18,18,17,17,0,0,18,11,11,18
208,22,22,22,22,22,22,22,22,10,10,22,15,14,22
209,7,7,7,7,7,7,6,6,0,0,7,5,5,7
210,1463,1425,1463,1463,1463,1463,1445,1445,106,106,1463,672,592,1463
211,76,76,76,76,76,76,76,76,5,5,76,49,46,76
212,27,27,27,27,27,27,27,27,0,0,27,6,6,27
213,14,14,14,14,14,14,14,14,1,1,14,3,3,14
214,4,4,4,4,4,4,4,4,0,0,4,0,0,4
215,60,60,60,60,60,60,60,60,3,3,60,17,17,60
216,11,11,11,11,11,11,11,11,1,1,11,10,9,11
217,33,33,33,33,33,33,33,33,18,18,33,26,24,33
218,17,17,17,17,17,17,17,17,1,1,17,3,3,17
219,14,14,14,14,12,12,6,6,0,0,14,0,0,14
220,536,535,536,536,536,536,533,533,12,12,536,170,167,536
221,14,14,14,14,12,12,12,12,1,1,14,7,7,14
222,23,23,23,23,23,23,23,23,1,1,23,18,18,23
223,7,7,7,7,7,7,7,7,1,1,7,2,2,7
224,9,9,9,9,9,9,9,9,2,2,9,9,9,9
225,2,2,2,2,2,2,2,2,0,0,2,1,1,2
226,59,59,59,59,59,59,59,59,1,1,59,11,11,59
227,2,2,2,2,2,2,2,2,0,0,2,0,0,2
228,7,7,7,7,7,7,7,7,0,0,7,7,7,7
229,10,10,10,10,9,9,9,9,1,1,10,3,3,10
230,105,97,105,105,105,105,104,104,3,3,105,14,14,105
231,48,48,48,48,47,47,47,47,1,1,48,3,2,48
232,11,11,11,11,11,11,11,11,0,0,11,6,5,11
233,6,6,6,6,6,6,6,6,0,0,6,4,4,6
234,3,3,3,3,3,3,3,3,3,3,3,3,3,3
235,12,12,12,12,12,12,12,12,7,7,12,11,11,12
236,7,7,7,7,7,7,7,7,1,1,7,6,6,7
237,8,8,8,8,8,8,8,8,0,0,8,7,7,8
238,17,15,17,17,17,17,17,17,1,1,17,7,7,17
239,5,5,5,5,5,5,5,5,0,0,5,0,0,5
240,7232,7232,7232,7232,7231,7231,7228,7228,1221,1221,7232,3202,3055,7232
241,61,61,61,61,61,61,58,58,1,1,61,3,2,61
242,6,6,6,6,6,6,6,6,2,2,6,4,4,6
243,5,5,5,5,5,5,5,5,0,0,5,1,1,5
244,739,739,739,739,739,739,739,739,18,18,739,258,258,739
245,28,28,28,28,28,28,28,28,4,4,28,17,17,28
246,3,3,3,3,3,3,3,3,1,1,3,2,2,3
247,4,4,4,4,4,4,4,4,1,1,4,4,4,4
248,73,73,73,73,71,71,69,69,6,6,73,22,22,73
249,8,8,8,8,8,8,8,8,4,4,8,6,6,8
25,1,1,1,1,1,1,1,1,0,0,1,1,1,1
250,894,894,894,894,894,894,891,891,12,12,894,293,280,894
251,34,34,34,34,34,34,33,33,6,6,34,31,31,34
252,16,16,16,16,16,16,16,16,10,10,16,14,14,16
253,12,11,12,12,12,12,12,12,2,2,12,11,11,12
254,5,5,5,5,5,5,5,5,1,1,5,2,2,5
255,10,10,10,10,10,10,10,10,2,2,10,8,8,10
256,11,11,11,11,11,11,11,11,0,0,11,4,4,11
257,10,10,10,10,10,10,10,10,8,8,10,9,8,10
258,3,3,3,3,3,3,3,3,0,0,3,1,1,3
259,31,31,31,31,31,31,31,31,0,0,31,8,8,31
26,1,1,1,1,1,1,1,1,0,0,1,1,1,1
260,64,64,64,64,64,64,64,64,3,3,64,40,10,64
261,1,1,1,1,1,1,1,1,1,1,1,1,1,1
262,10,10,10,10,10,10,9,9,2,2,10,8,8,10
263,3,3,3,3,3,3,3,3,0,0,3,3,3,3
264,17,17,17,17,17,17,17,17,0,0,17,7,7,17
265,7,7,7,7,7,7,6,6,0,0,7,0,0,7
266,177,177,177,177,177,177,177,177,14,14,177,77,50,177
267,110,110,110,110,110,110,110,110,14,14,110,73,36,110
268,88,87,88,88,88,88,88,88,8,8,88,57,26,88
269,49,49,49,49,49,49,49,49,0,0,49,29,27,49
270,53,53,53,53,53,53,52,52,0,0,53,4,4,53
271,14,14,14,14,14,14,14,14,0,0,14,9,9,14
272,4,4,4,4,4,4,4,4,0,0,4,2,2,4
273,100,100,100,100,100,100,99,99,0,0,100,15,15,100
274,15,15,15,15,15,15,15,15,1,1,15,15,14,15
275,26,26,26,26,26,26,26,26,12,12,26,23,20,26
276,37,37,37,37,37,37,30,30,14,14,37,30,30,37
277,9,9,9,9,9,9,9,9,0,0,9,2,2,9
278,44,44,44,44,44,44,43,43,12,12,44,42,41,44
279,22,22,22,22,22,22,22,22,16,16,22,22,22,22
280,183,183,183,183,183,183,172,172,11,11,183,26,26,183
281,43,43,43,43,43,43,42,42,5,5,43,28,28,43
282,15,15,15,15,15,15,14,14,2,2,15,13,12,15
283,6,6,6,6,6,6,6,6,0,0,6,3,3,6
284,19,19,19,19,19,19,19,19,3,3,19,18,18,19
285,2,2,2,2,2,2,2,2,0,0,2,2,2,2
286,6,6,6,6,6,6,6,6,2,2,6,3,3,6
287,3,3,3,3,3,3,3,3,2,2,3,3,3,3
289,35,35,35,35,35,35,35,35,6,6,35,12,11,35
29,1,1,1,1,1,1,1,1,0,0,1,1,1,1
290,259,259,259,259,258,258,256,256,9,9,259,88,88,259
291,76,75,76,76,76,76,73,73,1,1,76,40,40,76
292,36,36,36,36,36,36,36,36,0,0,36,19,19,36
293,87,86,87,87,87,87,86,86,20,20,87,38,38,87
294,10,10,10,10,10,10,10,10,6,6,10,8,7,10
295,8,8,8,8,8,8,8,8,2,2,8,8,8,8
296,17,17,17,17,17,17,17,17,0,0,17,14,14,17
298,1,1,1,1,1,1,1,1,0,0,1,0,0,1
299,2,2,2,2,2,2,2,2,0,0,2,0,0,2
30,1,1,1,1,1,1,1,1,0,0,1,1,1,1
300,41,41,41,41,41,41,41,41,0,0,41,15,10,41
301,187,187,187,187,185,185,184,184,0,0,187,127,119,187
302,124,124,124,124,124,124,124,124,3,3,124,102,91,124
303,58,58,58,58,58,58,57,57,0,0,58,37,30,58
304,369,368,369,369,369,369,368,368,1,1,369,260,226,369
305,85,85,85,85,85,85,85,85,0,0,85,26,25,85
306,38,38,38,38,38,38,38,38,18,18,38,29,25,38
307,43,43,43,43,43,43,39,39,0,0,43,11,9,43
308,15,15,15,15,15,15,15,15,2,2,15,11,11,15
309,11,11,11,11,11,11,11,11,7,7,11,9,9,11
310,157,157,157,157,157,157,157,157,7,7,157,121,111,157
311,267,267,267,267,266,266,265,265,36,36,267,186,182,267
312,51,51,51,51,51,51,51,51,9,9,51,33,32,51
313,19,19,19,19,19,19,10,10,0,0,19,6,6,19
314,89,89,89,89,89,89,89,89,0,0,89,61,56,89
315,179,179,179,179,179,179,179,179,0,0,179,126,121,179
316,33,33,33,33,33,33,33,33,2,2,33,24,23,33
317,187,186,187,187,186,186,186,186,0,0,187,117,111,187
318,509,509,509,509,509,509,506,506,7,7,509,363,350,509
319,205,205,205,205,205,205,202,202,18,18,205,121,106,205
321,178,178,178,178,178,178,178,178,3,3,178,138,127,178
322,20,20,20,20,20,20,20,20,3,3,20,13,13,20
323,33,33,33,33,33,33,33,33,0,0,33,21,20,33
324,290,290,290,290,290,290,288,288,0,0,290,187,164,290
325,660,660,660,660,660,660,648,648,3,3,660,408,356,660
326,412,412,412,412,411,411,407,407,13,13,412,243,228,412
327,287,286,287,287,287,287,283,283,0,0,287,152,119,287
328,155,155,155,155,155,155,153,153,0,0,155,70,61,155
329,340,340,340,340,340,340,335,335,0,0,340,185,164,340
33,1,1,1,1,1,1,1,1,0,0,1,0,0,1
330,321,321,321,321,321,321,310,310,0,0,321,214,197,321
331,26,26,26,26,26,26,26,26,11,11,26,20,20,26
332,119,119,119,119,119,119,115,115,1,1,119,60,55,119
333,193,193,193,193,193,193,193,193,0,0,193,110,95,193
334,248,248,248,248,248,248,247,247,3,3,248,84,78,248
335,265,265,265,265,265,265,260,260,1,1,265,175,158,265
336,118,118,118,118,118,118,118,118,10,10,118,80,74,118
337,270,269,270,270,270,270,267,267,0,0,270,154,135,270
338,99,99,99,99,99,99,97,97,0,0,99,41,32,99
339,142,142,142,142,142,142,141,141,6,6,142,72,63,142
340,16,16,16,16,16,16,16,16,2,2,16,10,10,16
341,121,120,121,121,121,121,119,119,20,20,121,72,69,121
342,369,369,369,369,369,369,354,354,2,2,369,243,230,369
343,210,210,210,210,210,210,206,206,5,5,210,100,87,210
344,129,128,129,129,129,129,127,127,0,0,129,59,53,129
345,245,245,245,245,245,245,236,236,2,2,245,114,101,245
346,126,126,126,126,126,126,125,125,2,2,126,67,51,126
347,281,281,281,281,281,281,272,272,0,0,281,161,153,281
348,88,88,88,88,88,88,87,87,0,0,88,47,46,88
349,212,212,212,212,212,212,209,209,2,2,212,97,91,212
350,246,246,246,246,246,246,244,244,0,0,246,120,101,246
351,77,77,77,77,77,77,75,75,10,10,77,43,41,77
352,140,140,140,140,139,139,139,139,0,0,140,77,72,140
353,181,181,181,181,181,181,180,180,0,0,181,128,124,181
354,33,33,33,33,33,33,33,33,0,0,33,19,16,33
355,91,91,91,91,91,91,91,91,0,0,91,38,35,91
356,570,570,570,570,570,570,565,565,0,0,570,493,488,570
357,75,75,75,75,75,75,75,75,0,0,75,30,29,75
358,107,107,107,107,106,106,106,106,37,37,107,69,67,107
359,18,18,18,18,18,18,16,16,0,0,18,4,4,18
360,2,2,2,2,2,2,2,2,0,0,2,2,2,2
361,27,27,27,27,27,27,27,27,9,9,27,16,16,27
364,18,18,18,18,18,18,18,18,15,15,18,16,16,18
365,1,1,1,1,1,1,1,1,0,0,1,0,0,1
366,151,151,151,151,151,151,149,149,0,0,151,68,60,151
369,11,11,11,11,11,11,11,11,7,7,11,8,8,11
370,289,288,289,289,289,289,282,282,3,3,289,118,108,289
371,15,15,15,15,15,15,15,15,8,8,15,13,13,15
372,3,3,3,3,3,3,3,3,0,0,3,1,1,3
374,2,2,2,2,2,2,2,2,0,0,2,0,0,2
375,3,3,3,3,3,3,3,3,0,0,3,1,1,3
376,1437,1436,1437,1437,1436,1436,1409,1409,0,0,1437,640,578,1437
377,91,91,91,91,91,91,91,91,0,0,91,39,35,91
378,4,4,4,4,4,4,3,3,0,0,4,3,3,4
379,1,1,1,1,1,1,1,1,0,0,1,1,1,1
380,64,64,64,64,64,64,63,63,0,0,64,36,34,64
381,17,17,17,17,17,17,17,17,6,6,17,14,14,17
382,1,1,1,1,1,1,1,1,0,0,1,1,1,1
383,2,2,2,2,2,2,2,2,0,0,2,1,1,2
384,11,11,11,11,11,11,11,11,0,0,11,1,1,11
385,40,40,40,40,40,40,40,40,0,0,40,15,14,40
386,2,2,2,2,2,2,1,1,0,0,2,1,1,2
387,4,4,4,4,4,4,4,4,0,0,4,2,2,4
388,2,2,2,2,2,2,2,2,0,0,2,1,1,2
389,6,6,6,6,6,6,6,6,0,0,6,6,6,6
390,104,104,104,104,104,104,103,103,1,1,104,56,56,104
391,44,44,44,44,44,44,44,44,5,5,44,14,14,44
392,8,8,8,8,8,8,8,8,0,0,8,7,7,8
393,6,6,6,6,6,6,6,6,0,0,6,2,1,6
394,13,13,13,13,13,13,13,13,0,0,13,2,2,13
395,4,4,4,4,4,4,4,4,0,0,4,2,2,4
396,2,2,2,2,2,2,2,2,0,0,2,1,1,2
397,10,10,10,10,10,10,10,10,0,0,10,10,10,10
398,26,26,26,26,26,26,26,26,0,0,26,26,26,26
399,1,1,1,1,1,1,1,1,0,0,1,1,1,1
4,1,1,1,1,1,1,1,1,0,0,1,1,1,1
400,2661,2654,2661,2661,2661,2661,2635,2635,88,88,2661,1001,813,2661
401,215,215,215,215,215,215,213,213,0,0,215,144,105,215
402,109,109,109,109,109,109,105,105,17,17,109,79,78,109
403,174,174,174,174,174,174,172,172,0,0,174,42,31,174
404,169,169,169,169,169,169,168,168,9,9,169,133,127,169
405,192,192,192,192,192,192,191,191,3,3,192,58,30,192
406,218,218,218,218,218,218,218,218,2,2,218,146,128,218
407,149,149,149,149,149,149,146,146,0,0,149,112,104,149
408,105,105,105,105,101,101,78,78,5,5,105,40,33,105
409,130,130,130,130,128,128,126,126,21,21,130,96,74,130
410,247,247,247,247,247,247,246,246,1,1,247,156,150,247
411,21,21,21,21,21,21,21,21,0,0,21,7,7,21
412,15,15,15,15,15,15,15,15,0,0,15,6,3,15
413,21,21,21,21,21,21,21,21,1,1,21,5,5,21
414,35,35,35,35,35,35,35,35,0,0,35,30,13,35
415,12,12,12,12,12,12,12,12,0,0,12,8,8,12
416,5,5,5,5,5,5,5,5,0,0,5,1,1,5
417,12,12,12,12,12,12,12,12,0,0,12,4,4,12
418,5,5,5,5,5,5,5,5,0,0,5,1,1,5
419,12,12,12,12,12,12,12,12,3,3,12,3,1,12
420,32,32,32,32,32,32,30,30,3,3,32,10,9,32
421,9,9,9,9,9,9,9,9,0,0,9,6,4,9
422,13,13,13,13,13,13,13,13,0,0,13,7,7,13
423,5,5,5,5,5,5,5,5,0,0,5,3,2,5
424,15,15,15,15,15,15,15,15,0,0,15,9,9,15
425,16,16,16,16,16,16,16,16,0,0,16,7,6,16
426,56,55,56,56,56,56,54,54,0,0,56,37,37,56
427,10,10,10,10,10,10,10,10,6,6,10,6,6,10
428,283,283,283,283,282,282,268,268,0,0,283,123,123,283
429,12,12,12,12,12,12,12,12,3,3,12,3,3,12
430,72,72,72,72,72,72,72,72,0,0,72,46,34,72
431,42,42,42,42,42,42,42,42,1,1,42,20,3,42
432,210,210,210,210,206,206,190,190,0,0,210,29,29,210
433,14,14,14,14,14,14,14,14,3,3,14,6,6,14
434,9,9,9,9,9,9,9,9,1,1,9,1,1,9
435,3,3,3,3,3,3,3,3,0,0,3,1,1,3
436,12,12,12,12,12,12,12,12,0,0,12,2,2,12
437,19,19,19,19,19,19,19,19,0,0,19,7,4,19
438,15,15,15,15,15,15,15,15,12,12,15,7,7,15
439,9,9,9,9,9,9,9,9,0,0,9,2,2,9
440,11,11,11,11,11,11,11,11,2,2,11,5,4,11
441,8,8,8,8,8,8,8,8,1,1,8,3,3,8
442,9,9,9,9,9,9,9,9,0,0,9,0,0,9
443,9,9,9,9,9,9,9,9,0,0,9,0,0,9
444,3,3,3,3,3,3,3,3,0,0,3,2,2,3
445,12,12,12,12,12,12,12,12,0,0,12,4,4,12
446,52,52,52,52,52,52,52,52,13,13,52,24,24,52
447,30,30,30,30,30,30,30,30,3,3,30,9,9,30
448,10,10,10,10,10,10,10,10,0,0,10,2,2,10
449,2,2,2,2,2,2,2,2,0,0,2,2,2,2
450,55,55,55,55,55,55,55,55,0,0,55,39,38,55
451,5627,5620,5627,5627,5627,5627,5574,5574,118,118,5627,4327,4281,5627
452,3452,3448,3452,3452,3449,3449,3428,3428,70,70,3452,2544,2484,3452
453,4351,4345,4351,4351,4349,4349,4326,4326,28,28,4351,3206,3173,4351
454,3915,3912,3915,3915,3914,3914,3894,3894,278,278,3915,2899,2602,3915
455,154,154,154,154,154,154,154,154,9,9,154,63,59,154
456,7561,7554,7561,7561,7552,7551,7481,7480,210,209,7560,5444,4713,7561
457,7790,7783,7790,7790,7788,7788,7698,7698,106,106,7790,6893,6509,7790
458,8392,8388,8392,8392,8389,8389,8298,8298,137,137,8392,5496,4756,8392
459,145,145,145,145,145,145,144,144,22,22,145,41,41,145
460,98,98,98,98,98,98,98,98,0,0,98,48,43,98
461,10,10,10,10,10,10,10,10,6,6,10,6,6,10
462,12,12,12,12,12,12,12,12,0,0,12,7,7,12
463,13,13,13,13,13,13,13,13,0,0,13,2,2,13
464,9,9,9,9,9,9,9,9,0,0,9,4,1,9
466,5,5,5,5,5,5,5,5,0,0,5,4,1,5
467,3,3,3,3,3,3,3,3,0,0,3,2,2,3
468,4,4,4,4,4,4,4,4,0,0,4,3,2,4
469,4,4,4,4,4,4,4,4,0,0,4,3,1,4
470,22,22,22,22,22,22,22,22,1,1,22,9,5,22
471,92,92,92,92,92,92,92,92,0,0,92,61,52,92
472,444,444,444,444,444,444,444,444,0,0,444,286,268,444
473,11,11,11,11,11,11,11,11,3,3,11,7,7,11
474,39,39,39,39,39,39,39,39,4,4,39,34,32,39
475,17,17,17,17,17,17,17,17,5,5,17,14,14,17
476,7,7,7,7,7,7,7,7,4,4,7,7,7,7
477,16,16,16,16,16,16,16,16,0,0,16,7,7,16
478,2,2,2,2,2,2,2,2,0,0,2,1,1,2
479,15,14,15,15,15,15,15,15,0,0,15,5,5,15
480,24,23,24,24,24,24,23,23,0,0,24,16,8,24
481,5,5,5,5,5,5,5,5,0,0,5,0,0,5
482,20,20,20,20,20,20,19,19,0,0,20,12,12,20
483,6,6,6,6,6,6,6,6,0,0,6,1,1,6
484,52,52,52,52,52,52,52,52,0,0,52,16,16,52
485,21,21,21,21,21,21,21,21,1,1,21,16,15,21
486,66,66,66,66,66,66,63,63,0,0,66,49,48,66
487,1,1,1,1,1,1,1,1,0,0,1,0,0,1
489,44,44,44,44,44,44,44,44,3,3,44,37,37,44
490,58091,58067,58091,58091,58073,58073,57952,57952,11334,11334,58091,53428,53284,58091
491,90,89,90,90,90,90,87,87,3,3,90,81,73,90
492,1230,1228,1230,1230,1230,1230,1222,1222,10,10,1230,1061,1057,1230
493,17561,17534,17561,17561,17556,17556,17451,17451,208,208,17561,13902,13800,17561
494,9342,9328,9342,9342,9340,9340,9292,9292,180,180,9342,7450,7402,9342
495,9896,9888,9896,9896,9893,9892,9842,9841,30,29,9895,8442,8415,9896
496,8990,8987,8990,8990,8985,8984,8957,8956,215,214,8989,7412,7404,8990
497,21183,21155,21183,21183,21169,21168,21082,21081,796,795,21182,18620,18517,21183
498,12803,12790,12803,12803,12795,12795,12708,12708,641,641,12803,10598,10524,12803
499,20606,20593,20606,20606,20603,20603,20428,20428,13,13,20606,18050,17984,20606
4F2,7,7,7,7,7,7,7,7,0,0,7,0,0,7
5,1,1,1,1,1,1,1,1,0,0,1,1,1,1
50,1,1,1,1,1,1,1,1,0,0,1,0,0,1
500,726,724,726,726,726,726,724,724,0,0,726,431,406,726
501,1085,1084,1085,1085,1085,1085,1078,1078,3,3,1085,849,813,1085
502,226,225,226,226,226,226,226,226,0,0,226,143,117,226
503,57,57,57,57,57,57,50,50,1,1,57,37,35,57
504,3,3,3,3,3,3,3,3,0,0,3,1,1,3
505,115,115,115,115,115,115,115,115,0,0,115,77,71,115
506,428,424,428,428,428,428,426,426,0,0,428,222,213,428
507,2,2,2,2,2,2,2,2,0,0,2,1,1,2
508,1,1,1,1,1,1,1,1,0,0,1,1,1,1
509,45,45,45,45,45,45,44,44,0,0,45,41,39,45
51,1,1,1,1,1,1,1,1,0,0,1,1,1,1
510,25,25,25,25,25,25,25,25,20,20,25,24,24,25
511,21,21,21,21,21,21,21,21,15,15,21,19,19,21
512,8,8,8,8,8,8,8,8,2,2,8,5,5,8
513,1,1,1,1,1,1,1,1,0,0,1,1,1,1
515,2,2,2,2,2,2,2,2,0,0,2,2,2,2
516,1,1,1,1,1,1,1,1,0,0,1,1,1,1
517,2,2,2,2,2,2,2,2,0,0,2,1,1,2
518,1,1,1,1,1,1,1,1,0,0,1,1,1,1
519,1,1,1,1,1,1,1,1,0,0,1,1,1,1
520,39,39,39,39,39,39,39,39,0,0,39,25,23,39
521,1,1,1,1,1,1,1,1,0,0,1,1,1,1
522,2,2,2,2,2,2,2,2,0,0,2,1,1,2
523,13,13,13,13,13,13,13,13,3,3,13,11,11,13
524,2,2,2,2,2,2,2,2,0,0,2,2,2,2
525,3,3,3,3,3,3,2,2,0,0,3,2,2,3
526,1,1,1,1,1,1,1,1,0,0,1,1,1,1
527,4,4,4,4,4,4,4,4,0,0,4,3,3,4
528,13,13,13,13,13,13,13,13,0,0,13,13,12,13
529,1,1,1,1,1,1,1,1,0,0,1,1,1,1
530,8,8,8,8,8,8,8,8,5,5,8,8,8,8
531,8,8,8,8,8,8,8,8,3,3,8,7,7,8
532,3,3,3,3,3,3,3,3,0,0,3,1,1,3
533,2,2,2,2,2,2,2,2,0,0,2,2,2,2
534,6,6,6,6,6,6,6,6,0,0,6,5,5,6
535,41,41,41,41,41,41,40,40,0,0,41,17,17,41
536,35,35,35,35,35,35,35,35,5,5,35,24,24,35
537,1,1,1,1,1,1,1,1,0,0,1,0,0,1
538,2,2,2,2,2,2,2,2,0,0,2,0,0,2
539,29,29,29,29,29,29,28,28,0,0,29,18,14,29
540,28,28,28,28,28,28,28,28,0,0,28,17,15,28
541,347,347,347,347,347,347,346,346,22,22,347,223,193,347
542,46,46,46,46,46,46,46,46,1,1,46,28,27,46
543,14,14,14,14,14,14,14,14,0,0,14,11,9,14
544,10,10,10,10,10,10,9,9,0,0,10,6,6,10
545,7,7,7,7,7,7,7,7,0,0,7,3,3,7
546,12,12,12,12,12,12,12,12,6,6,12,10,10,12
547,1,1,1,1,1,1,1,1,0,0,1,1,1,1
548,4,4,4,4,4,4,4,4,0,0,4,1,1,4
550,1,1,1,1,1,1,1,1,0,0,1,0,0,1
551,10,10,10,10,10,10,10,10,0,0,10,1,1,10
552,2,2,2,2,2,2,2,2,0,0,2,0,0,2
553,1,1,1,1,1,1,1,1,0,0,1,1,1,1
554,4,4,4,4,4,4,4,4,0,0,4,0,0,4
555,6,6,6,6,6,6,6,6,0,0,6,2,2,6
556,12,12,12,12,12,12,12,12,0,0,12,5,5,12
557,9,9,9,9,9,9,9,9,0,0,9,5,5,9
558,12,12,12,12,12,12,12,12,6,6,12,8,8,12
559,10,10,10,10,10,10,10,10,6,6,10,7,7,10
560,369,369,369,369,369,369,355,355,0,0,369,210,196,369
561,15,15,15,15,15,15,15,15,0,0,15,14,14,15
562,7,7,7,7,7,7,7,7,0,0,7,7,7,7
563,4,4,4,4,4,4,4,4,1,1,4,2,2,4
564,1,1,1,1,1,1,1,1,0,0,1,1,1,1
565,3,3,3,3,3,3,3,3,0,0,3,3,3,3
566,13,13,13,13,13,13,13,13,0,0,13,12,12,13
567,14,14,14,14,14,14,14,14,0,0,14,12,12,14
568,2,2,2,2,2,2,2,2,0,0,2,1,1,2
57,1,1,1,1,1,1,1,1,0,0,1,0,0,1
570,54,54,54,54,54,54,53,53,0,0,54,40,40,54
571,27,27,27,27,27,27,26,26,0,0,27,22,22,27
572,2,2,2,2,2,2,2,2,0,0,2,1,1,2
573,2,2,2,2,2,2,2,2,0,0,2,1,1,2
574,14,14,14,14,14,14,14,14,0,0,14,11,11,14
575,9,9,9,9,9,9,9,9,0,0,9,9,9,9
576,8,8,8,8,8,8,8,8,0,0,8,2,2,8
577,9,9,9,9,9,9,9,9,0,0,9,4,4,9
578,15,15,15,15,15,15,15,15,0,0,15,12,12,15
581,24,24,24,24,24,24,24,24,0,0,24,7,7,24
582,5,5,5,5,5,5,5,5,0,0,5,5,5,5
583,9,9,9,9,9,9,9,9,3,3,9,7,7,9
584,2,2,2,2,2,2,2,2,0,0,2,2,2,2
585,1,1,1,1,1,1,1,1,0,0,1,1,1,1
586,2,2,2,2,2,2,2,2,0,0,2,2,2,2
587,4,4,4,4,4,4,4,4,0,0,4,4,4,4
588,3,3,3,3,3,3,3,3,0,0,3,3,3,3
589,1,1,1,1,1,1,1,1,0,0,1,1,1,1
590,51,51,51,51,51,51,51,51,0,0,51,39,37,51
591,3,3,3,3,3,3,3,3,0,0,3,3,3,3
592,2,2,2,2,2,2,2,2,0,0,2,1,1,2
593,3,3,3,3,3,3,3,3,0,0,3,3,3,3
594,43,43,43,43,43,43,42,42,0,0,43,11,9,43
595,2,2,2,2,2,2,2,2,0,0,2,0,0,2
596,13,13,13,13,13,13,13,13,0,0,13,1,1,13
597,5,5,5,5,5,5,5,5,0,0,5,4,4,5
598,2,2,2,2,2,2,2,2,0,0,2,2,2,2
599,48,48,48,48,48,48,48,48,0,0,48,30,26,48
6,1,1,1,1,1,1,1,1,0,0,1,1,1,1
600,462,460,462,462,462,462,459,459,2,2,462,317,293,462
601,10,10,10,10,10,10,10,10,0,0,10,3,3,10
602,6,6,6,6,6,6,6,6,0,0,6,3,3,6
603,88,88,88,88,88,88,88,88,82,82,88,85,85,88
604,283,283,283,283,283,283,283,283,80,80,283,274,273,283
605,1,1,1,1,1,1,1,1,0,0,1,1,1,1
607,352,351,352,352,352,352,352,352,0,0,352,334,334,352
608,3,3,3,3,3,3,3,3,0,0,3,1,0,3
609,8,8,8,8,8,8,8,8,0,0,8,4,4,8
610,49,49,49,49,49,49,49,49,0,0,49,10,9,49
611,278,278,278,278,278,278,276,276,16,16,278,48,48,278
612,40,40,40,40,40,40,40,40,21,21,40,34,34,40
613,29,29,29,29,29,29,29,29,9,9,29,18,18,29
614,20,20,20,20,20,20,20,20,11,11,20,17,17,20
615,25,25,25,25,25,25,25,25,19,19,25,21,21,25
616,10,10,10,10,10,10,10,10,6,6,10,9,9,10
617,27,27,27,27,27,27,27,27,18,18,27,24,24,27
618,11,11,11,11,11,11,11,11,1,1,11,6,6,11
619,32,32,32,32,32,32,32,32,9,9,32,23,23,32
62,1,1,1,1,1,1,1,1,0,0,1,0,0,1
620,112,112,112,112,112,112,112,112,7,7,112,70,70,112
621,6,6,6,6,6,6,6,6,0,0,6,3,3,6
622,256,255,256,256,256,256,256,256,0,0,256,237,237,256
623,8,8,8,8,8,8,7,7,0,0,8,1,1,8
624,16,16,16,16,16,16,16,16,0,0,16,9,9,16
625,4,4,4,4,4,4,4,4,0,0,4,4,4,4
626,21,21,21,21,21,21,21,21,15,15,21,21,21,21
627,11,11,11,11,11,11,11,11,0,0,11,5,4,11
629,2,2,2,2,2,2,2,2,0,0,2,2,2,2
630,63,63,63,63,63,63,63,63,0,0,63,44,43,63
632,5,5,5,5,5,5,4,4,0,0,5,0,0,5
633,33,33,33,33,33,33,33,33,1,1,33,3,3,33
634,15,15,15,15,15,15,15,15,1,1,15,6,6,15
635,1,1,1,1,1,1,1,1,0,0,1,0,0,1
636,24,24,24,24,24,24,24,24,0,0,24,13,11,24
637,28,28,28,28,28,28,28,28,0,0,28,19,19,28
638,6,6,6,6,6,6,6,6,0,0,6,5,5,6
639,2,2,2,2,2,2,2,2,1,1,2,2,2,2
64,1,1,1,1,1,1,1,1,0,0,1,1,1,1
640,2,2,2,2,2,2,2,2,0,0,2,2,2,2
641,17,17,17,17,17,17,17,17,3,3,17,10,9,17
642,15,15,15,15,15,15,15,15,0,0,15,8,8,15
643,8,8,8,8,8,8,8,8,0,0,8,3,2,8
645,1,1,1,1,1,1,1,1,0,0,1,0,0,1
646,8,8,8,8,8,8,8,8,0,0,8,2,2,8
649,3,3,3,3,3,3,3,3,0,0,3,0,0,3
650,5,5,5,5,5,5,5,5,0,0,5,4,3,5
652,5,5,5,5,5,5,5,5,0,0,5,3,2,5
653,4,4,4,4,4,4,4,4,0,0,4,3,3,4
654,1,1,1,1,1,1,1,1,0,0,1,0,0,1
655,1,1,1,1,1,1,1,1,0,0,1,0,0,1
656,2,2,2,2,2,2,2,2,0,0,2,0,0,2
657,1,1,1,1,1,1,1,1,0,0,1,0,0,1
658,1,1,1,1,1,1,1,1,0,0,1,1,1,1
659,3,3,3,3,3,3,3,3,0,0,3,1,1,3
66,1,1,1,1,1,1,1,1,1,1,1,1,1,1
660,5,5,5,5,5,5,3,3,0,0,5,4,4,5
661,5,5,5,5,5,5,4,4,1,1,5,3,3,5
662,4,4,4,4,4,4,4,4,0,0,4,2,2,4
663,8,8,8,8,8,8,8,8,5,5,8,7,7,8
664,4,4,4,4,4,4,4,4,2,2,4,1,1,4
665,2,2,2,2,2,2,2,2,0,0,2,2,2,2
666,6,6,6,6,6,6,6,6,0,0,6,3,3,6
667,1,1,1,1,1,1,1,1,1,1,1,1,1,1
668,6,6,6,6,6,6,6,6,1,1,6,5,5,6
669,15,15,15,15,15,15,15,15,0,0,15,12,7,15
67,1,1,1,1,1,1,1,1,1,1,1,1,1,1
670,10,10,10,10,10,10,10,10,0,0,10,6,3,10
671,2,2,2,2,2,2,2,2,1,1,2,2,2,2
672,25,25,25,25,25,25,25,25,2,2,25,7,6,25
673,2,2,2,2,2,2,2,2,0,0,2,0,0,2
674,11,11,11,11,11,11,11,11,2,2,11,7,7,11
675,22,22,22,22,22,22,22,22,3,3,22,9,8,22
676,11,11,11,11,11,11,11,11,1,1,11,7,7,11
677,17,17,17,17,17,17,17,17,2,2,17,6,5,17
678,18,18,18,18,18,18,18,18,4,4,18,11,11,18
679,8,8,8,8,8,8,8,8,4,4,8,7,7,8
680,107,107,107,107,107,107,107,107,1,1,107,91,91,107
681,23,23,23,23,23,23,23,23,1,1,23,13,13,23
682,3,3,3,3,3,3,3,3,0,0,3,1,1,3
683,92,92,92,92,92,92,92,92,0,0,92,10,7,92
684,8,8,8,8,8,8,7,7,0,0,8,3,3,8
685,4,4,4,4,4,4,4,4,0,0,4,1,1,4
686,6,6,6,6,6,6,6,6,0,0,6,4,4,6
687,4,4,4,4,4,4,4,4,1,1,4,3,3,4
688,6,6,6,6,6,6,6,6,1,1,6,3,3,6
689,14,14,14,14,14,14,14,14,0,0,14,4,4,14
690,98,98,98,98,98,98,98,98,0,0,98,61,55,98
691,6,6,6,6,6,6,6,6,0,0,6,4,4,6
692,42,42,42,42,42,42,42,42,0,0,42,38,29,42
693,15,15,15,15,15,15,15,15,0,0,15,6,6,15
694,4,4,4,4,4,4,4,4,1,1,4,4,4,4
695,2,2,2,2,2,2,1,1,0,0,2,1,1,2
697,8,8,8,8,8,8,8,8,0,0,8,4,4,8
698,2,2,2,2,2,2,2,2,0,0,2,0,0,2
699,868,867,868,868,868,868,868,868,0,0,868,784,784,868
6A0,100,100,100,100,100,100,100,100,0,0,100,58,58,100
700,7,7,7,7,7,7,6,6,0,0,7,2,2,7
701,3,3,3,3,3,3,3,3,0,0,3,1,1,3
702,4,4,4,4,4,4,4,4,0,0,4,3,3,4
703,3,3,3,3,3,3,3,3,0,0,3,2,1,3
704,7,7,7,7,7,7,7,7,0,0,7,4,4,7
705,5,5,5,5,5,5,5,5,0,0,5,3,3,5
706,4,4,4,4,4,4,4,4,0,0,4,4,4,4
707,9,9,9,9,9,9,9,9,0,0,9,4,4,9
708,11,11,11,11,11,11,11,11,2,2,11,6,6,11
709,13,13,13,13,13,13,13,13,0,0,13,5,5,13
710,5,5,5,5,5,5,5,5,0,0,5,3,3,5
711,3,3,3,3,3,3,2,2,0,0,3,0,0,3
712,30,30,30,30,30,30,30,30,0,0,30,0,0,30
713,3,3,3,3,3,3,3,3,0,0,3,2,2,3
714,7,7,7,7,7,7,7,7,0,0,7,7,7,7
715,72,72,72,72,72,72,72,72,0,0,72,36,35,72
716,12,12,12,12,12,12,12,12,0,0,12,4,4,12
717,18,18,18,18,18,18,17,17,0,0,18,9,8,18
718,6,6,6,6,6,6,6,6,0,0,6,1,1,6
719,15,15,15,15,15,15,15,15,4,4,15,3,3,15
720,7,7,7,7,7,7,7,7,0,0,7,4,3,7
721,50,49,50,50,50,50,50,50,1,1,50,24,24,50
722,4,4,4,4,4,4,4,4,0,0,4,2,2,4
723,10,10,10,10,10,10,10,10,1,1,10,2,2,10
724,10,10,10,10,10,10,10,10,0,0,10,6,6,10
726,11,11,11,11,11,11,11,11,0,0,11,7,7,11
727,16,16,16,16,16,16,16,16,0,0,16,7,7,16
728,11,11,11,11,11,11,11,11,0,0,11,6,6,11
729,6,6,6,6,6,6,6,6,0,0,6,2,2,6
730,3,3,3,3,3,3,3,3,0,0,3,3,3,3
731,24,24,24,24,24,24,24,24,0,0,24,21,19,24
732,9,9,9,9,9,9,8,8,0,0,9,6,6,9
733,9,9,9,9,9,9,9,9,0,0,9,3,3,9
734,21,21,21,21,21,21,21,21,0,0,21,13,13,21
735,25,25,25,25,25,25,25,25,0,0,25,11,11,25
736,13,13,13,13,13,13,12,12,0,0,13,6,6,13
737,2,2,2,2,2,2,2,2,0,0,2,2,2,2
738,6,6,6,6,6,6,5,5,0,0,6,3,3,6
739,35,35,35,35,35,35,34,34,0,0,35,18,16,35
740,17,17,17,17,17,17,17,17,0,0,17,7,6,17
741,4,4,4,4,4,4,3,3,0,0,4,2,2,4
742,4,4,4,4,4,4,4,4,0,0,4,3,3,4
743,13,13,13,13,13,13,13,13,0,0,13,1,1,13
744,31,31,31,31,31,31,31,31,0,0,31,25,20,31
745,15,15,15,15,15,15,15,15,0,0,15,11,11,15
746,19,19,19,19,19,19,18,18,0,0,19,11,11,19
747,4,2,4,4,4,4,4,4,0,0,4,0,0,4
748,1,1,1,1,1,1,1,1,0,0,1,0,0,1
75,1,1,1,1,1,1,1,1,0,0,1,0,0,1
750,173,173,173,173,173,173,173,173,1,1,173,124,112,173
751,8,8,8,8,8,8,8,8,0,0,8,2,2,8
752,8,8,8,8,8,8,8,8,0,0,8,7,7,8
753,16,16,16,16,16,16,16,16,0,0,16,7,5,16
754,8,7,8,8,8,8,8,8,0,0,8,2,2,8
755,2,2,2,2,2,2,2,2,0,0,2,2,2,2
756,4,4,4,4,4,4,4,4,0,0,4,3,3,4
757,2,2,2,2,2,2,2,2,0,0,2,1,1,2
758,2,2,2,2,2,2,2,2,0,0,2,2,2,2
759,15,15,15,15,15,15,15,15,0,0,15,9,8,15
760,1,1,1,1,1,1,1,1,0,0,1,1,1,1
761,62,62,62,62,62,62,61,61,0,0,62,55,54,62
762,1,1,1,1,1,1,1,1,0,0,1,1,1,1
763,5,5,5,5,5,5,5,5,0,0,5,5,5,5
764,9,9,9,9,9,9,8,8,0,0,9,7,7,9
766,2,2,2,2,2,2,2,2,0,0,2,0,0,2
767,9,9,9,9,9,9,9,9,0,0,9,8,8,9
768,6,6,6,6,6,6,6,6,0,0,6,5,5,6
769,4,4,4,4,4,4,4,4,0,0,4,2,1,4
770,14,14,14,14,14,14,14,14,0,0,14,3,3,14
771,4,4,4,4,4,4,4,4,0,0,4,0,0,4
772,3,3,3,3,3,3,3,3,0,0,3,2,2,3
773,14,14,14,14,14,14,13,13,0,0,14,5,5,14
774,4,4,4,4,4,4,4,4,0,0,4,2,2,4
775,6,6,6,6,5,5,5,5,0,0,6,4,4,6
776,1,1,1,1,1,1,1,1,0,0,1,1,1,1
777,3,3,3,3,3,3,3,3,0,0,3,2,2,3
778,3,3,3,3,3,3,1,1,0,0,3,1,1,3
779,428,428,428,428,428,428,422,422,0,0,428,254,237,428
780,1346,1345,1346,1346,1346,1346,1319,1319,0,0,1346,779,712,1346
781,2,2,2,2,2,2,2,2,0,0,2,0,0,2
782,1,1,1,1,1,1,1,1,0,0,1,1,1,1
783,12,12,12,12,12,12,12,12,0,0,12,12,11,12
784,22,22,22,22,22,22,21,21,0,0,22,15,15,22
785,6,6,6,6,6,6,6,6,0,0,6,6,6,6
786,1,1,1,1,1,1,1,1,0,0,1,1,1,1
787,1,1,1,1,1,1,1,1,0,0,1,1,1,1
788,3,3,3,3,3,3,3,3,0,0,3,1,1,3
789,108,108,108,108,107,107,106,106,0,0,108,67,62,108
79,1,1,1,1,1,1,1,1,0,0,1,1,1,1
790,6,6,6,6,6,6,6,6,0,0,6,0,0,6
791,4,4,4,4,4,4,4,4,0,0,4,2,2,4
793,6,6,6,6,6,6,6,6,0,0,6,1,1,6
795,1,1,1,1,1,1,1,1,0,0,1,1,1,1
796,22,22,22,22,22,22,22,22,0,0,22,6,5,22
798,2,2,2,2,2,2,2,2,0,0,2,1,1,2
799,6,6,6,6,6,6,5,5,0,0,6,0,0,6
80,1,1,1,1,1,1,1,1,0,0,1,1,1,1
800,3030,3027,3030,3030,3030,3030,2989,2989,5,5,3030,2006,1803,3030
801,641,641,641,641,641,641,632,632,0,0,641,392,343,641
802,570,570,570,570,570,570,562,562,0,0,570,382,359,570
803,980,980,980,980,980,980,961,961,64,64,980,562,537,980
804,137,137,137,137,137,137,137,137,41,41,137,104,101,137
805,259,259,259,259,258,258,250,250,0,0,259,150,135,259
806,81,81,81,81,81,81,78,78,0,0,81,53,52,81
807,14,14,14,14,14,14,14,14,0,0,14,13,13,14
808,17,17,17,17,17,17,17,17,0,0,17,12,12,17
809,57,56,57,57,57,57,57,57,4,4,57,33,33,57
81,1,1,1,1,1,1,1,1,0,0,1,0,0,1
810,201,201,201,201,201,201,201,201,33,33,201,110,110,201
811,125,125,125,125,125,125,122,122,10,10,125,70,63,125
812,168,168,168,168,168,168,166,166,21,21,168,97,86,168
813,173,173,173,173,172,172,172,172,14,14,173,114,113,173
814,159,158,159,159,159,159,157,157,15,15,159,81,79,159
815,243,243,243,243,243,243,229,229,31,31,243,136,134,243
816,136,136,136,136,136,136,136,136,20,20,136,72,72,136
817,147,147,147,147,147,147,147,147,15,15,147,86,86,147
818,138,137,138,138,138,138,138,138,32,32,138,82,81,138
819,123,123,123,123,123,123,123,123,27,27,123,61,56,123
82,1,1,1,1,1,1,1,1,0,0,1,0,0,1
820,130,130,130,130,130,130,129,129,20,20,130,31,31,130
821,131,131,131,131,131,131,131,131,17,17,131,36,36,131
822,129,129,129,129,129,129,129,129,16,16,129,37,37,129
823,112,112,112,112,111,111,109,109,14,14,112,48,48,112
824,99,99,99,99,99,99,99,99,19,19,99,46,46,99
825,64,64,64,64,64,64,64,64,16,16,64,23,23,64
826,81,81,81,81,81,81,81,81,34,34,81,53,53,81
827,31,31,31,31,31,31,31,31,12,12,31,23,23,31
828,6,6,6,6,6,6,6,6,0,0,6,6,6,6
830,21,21,21,21,21,21,21,21,0,0,21,10,9,21
831,12,12,12,12,12,12,12,12,0,0,12,7,7,12
832,6,6,6,6,6,6,6,6,0,0,6,1,1,6
833,9,9,9,9,9,9,9,9,0,0,9,9,9,9
834,12,11,12,12,12,12,12,12,0,0,12,5,5,12
835,12,12,12,12,12,12,12,12,0,0,12,3,3,12
836,9,9,9,9,9,9,8,8,0,0,9,2,2,9
837,7,7,7,7,7,7,7,7,0,0,7,1,0,7
838,26,25,26,26,26,26,26,26,0,0,26,8,7,26
839,21,21,21,21,21,21,21,21,0,0,21,13,8,21
840,417,417,417,417,417,417,417,417,0,0,417,13,11,417
841,1892,1888,1892,1892,1890,1890,1861,1861,0,0,1892,947,843,1892
842,503,503,503,503,503,503,492,492,1,1,503,267,236,503
843,1209,1209,1209,1209,1209,1209,1188,1188,1,1,1209,559,520,1209
844,5,5,5,5,5,5,5,5,0,0,5,1,1,5
845,2,2,2,2,2,2,2,2,0,0,2,1,1,2
846,15,15,15,15,15,15,15,15,5,5,15,14,14,15
847,5,5,5,5,5,5,5,5,0,0,5,1,1,5
848,3,3,3,3,3,3,3,3,0,0,3,3,3,3
849,28,28,28,28,28,28,28,28,0,0,28,12,11,28
850,63,63,63,63,63,63,62,62,0,0,63,37,37,63
851,29,29,29,29,29,29,29,29,2,2,29,15,14,29
852,38,37,38,38,38,38,36,36,0,0,38,21,21,38
853,7,7,7,7,7,7,7,7,0,0,7,2,2,7
854,7,7,7,7,7,7,7,7,0,0,7,2,2,7
855,14,14,14,14,14,14,13,13,0,0,14,4,3,14
856,11,11,11,11,11,11,10,10,0,0,11,3,3,11
857,14,14,14,14,14,14,12,12,0,0,14,7,6,14
858,14,14,14,14,14,14,14,14,0,0,14,4,3,14
859,28,28,28,28,28,28,27,27,0,0,28,11,10,28
860,24,24,24,24,24,24,24,24,0,0,24,8,8,24
861,2,2,2,2,2,2,2,2,0,0,2,1,1,2
862,2,2,2,2,2,2,1,1,0,0,2,0,0,2
863,1,1,1,1,1,1,1,1,0,0,1,0,0,1
864,4,4,4,4,4,4,4,4,0,0,4,3,3,4
865,2,2,2,2,2,2,2,2,0,0,2,2,2,2
866,11,11,11,11,11,11,11,11,0,0,11,0,0,11
867,6,6,6,6,6,6,6,6,0,0,6,1,1,6
868,1,1,1,1,1,1,1,1,0,0,1,0,0,1
869,18,18,18,18,18,18,13,13,0,0,18,9,7,18
870,38,38,38,38,38,38,36,36,0,0,38,20,18,38
871,273,273,273,273,272,272,272,272,4,4,273,223,209,273
872,17,16,17,17,17,17,17,17,0,0,17,8,8,17
873,8,8,8,8,8,8,8,8,0,0,8,3,3,8
874,2,2,2,2,2,2,2,2,0,0,2,0,0,2
875,6,6,6,6,6,6,6,6,0,0,6,2,2,6
876,7,7,7,7,7,7,7,7,0,0,7,4,3,7
877,27,27,27,27,27,27,26,26,0,0,27,16,14,27
88,1,1,1,1,1,1,0,0,0,0,1,0,0,1
880,310,308,310,310,308,308,308,308,29,29,310,215,193,310
881,9,9,9,9,9,9,7,7,0,0,9,3,3,9
882,4,4,4,4,4,4,4,4,0,0,4,1,1,4
883,19,19,19,19,19,19,17,17,1,1,19,7,7,19
884,9,9,9,9,9,9,9,9,0,0,9,2,2,9
885,59,58,59,59,59,59,58,58,0,0,59,30,29,59
886,6,6,6,6,6,6,6,6,0,0,6,6,6,6
888,4,4,4,4,4,4,4,4,0,0,4,3,3,4
889,9,9,9,9,9,9,9,9,0,0,9,8,6,9
890,70,70,70,70,70,70,70,70,1,1,70,37,29,70
891,79,79,79,79,79,79,79,79,0,0,79,5,5,79
892,13,13,13,13,13,13,13,13,0,0,13,1,0,13
893,35,35,35,35,35,35,35,35,0,0,35,16,16,35
894,3,3,3,3,3,3,3,3,0,0,3,0,0,3
895,23,23,23,23,23,23,23,23,0,0,23,10,9,23
896,18,18,18,18,18,18,18,18,0,0,18,6,4,18
897,9,9,9,9,9,9,9,9,0,0,9,4,3,9
898,16,16,16,16,16,16,16,16,0,0,16,9,9,16
899,12,12,12,12,12,12,12,12,0,0,12,1,1,12
9,1,1,1,1,1,1,1,1,0,0,1,1,1,1
900,122,120,122,122,122,122,119,119,2,2,122,80,73,122
901,51,51,51,51,51,51,51,51,7,7,51,30,29,51
902,26,26,26,26,26,26,26,26,4,4,26,17,16,26
903,44,44,44,44,44,44,44,44,3,3,44,9,9,44
904,137,137,137,137,137,137,137,137,4,4,137,12,11,137
905,28,28,28,28,28,28,28,28,14,14,28,22,15,28
906,8,8,8,8,8,8,8,8,5,5,8,7,7,8
907,1,1,1,1,1,1,1,1,0,0,1,1,1,1
908,12,12,12,12,12,12,12,12,0,0,12,2,2,12
909,9,9,9,9,9,9,9,9,0,0,9,1,1,9
910,7,7,7,7,7,7,6,6,0,0,7,5,5,7
911,4,4,4,4,4,4,4,4,2,2,4,3,3,4
912,41,41,41,41,41,41,40,40,0,0,41,22,18,41
913,5,5,5,5,5,5,5,5,0,0,5,3,3,5
914,4,4,4,4,4,4,4,4,0,0,4,1,1,4
915,6,6,6,6,6,6,6,6,0,0,6,0,0,6
916,16,16,16,16,16,16,16,16,0,0,16,2,2,16
917,1,1,1,1,1,1,1,1,0,0,1,0,0,1
918,1,1,1,1,1,1,1,1,0,0,1,0,0,1
919,1,1,1,1,1,1,1,1,0,0,1,1,1,1
92,1,1,1,1,1,1,1,1,1,1,1,1,1,1
920,260,260,260,260,260,260,255,255,20,20,260,128,127,260
921,30,30,30,30,30,30,30,30,1,1,30,18,18,30
922,11,11,11,11,11,11,11,11,0,0,11,7,7,11
923,3,3,3,3,3,3,3,3,0,0,3,2,2,3
924,52,52,52,52,52,52,52,52,2,2,52,20,20,52
925,10,10,10,10,10,10,10,10,0,0,10,2,2,10
926,10,10,10,10,10,10,10,10,0,0,10,9,9,10
927,9,9,9,9,9,9,9,9,0,0,9,9,9,9
928,26,26,26,26,26,26,26,26,0,0,26,20,20,26
929,18,18,18,18,18,18,18,18,1,1,18,14,14,18
93,1,1,1,1,1,1,1,1,0,0,1,0,0,1
930,198,198,198,198,198,198,197,197,0,0,198,152,148,198
931,657,657,657,657,657,657,652,652,2,2,657,472,423,657
932,241,241,241,241,241,241,239,239,0,0,241,162,154,241
933,163,163,163,163,163,163,162,162,0,0,163,117,110,163
934,70,70,70,70,70,70,69,69,0,0,70,45,44,70
935,20,20,20,20,20,20,20,20,0,0,20,8,8,20
936,9,9,9,9,9,9,9,9,0,0,9,7,7,9
937,8,8,8,8,8,8,8,8,0,0,8,5,5,8
938,5,5,5,5,5,5,5,5,0,0,5,2,2,5
939,6,6,6,6,6,6,6,6,0,0,6,4,3,6
940,11,11,11,11,11,11,11,11,0,0,11,5,5,11
941,486,486,486,486,484,484,483,483,3,3,486,382,367,486
942,235,234,235,235,235,235,232,232,0,0,235,135,124,235
943,10,10,10,10,10,10,10,10,0,0,10,4,4,10
944,24,24,24,24,24,24,24,24,0,0,24,1,1,24
945,5,5,5,5,5,5,5,5,0,0,5,1,1,5
946,2,2,2,2,2,2,2,2,0,0,2,1,1,2
947,15,15,15,15,15,15,15,15,0,0,15,10,4,15
948,9,9,9,9,9,9,9,9,0,0,9,3,3,9
949,8,8,8,8,8,8,8,8,0,0,8,2,2,8
95,1,1,1,1,1,1,1,1,1,1,1,1,1,1
950,11,11,11,11,11,11,11,11,0,0,11,4,4,11
951,17,17,17,17,17,17,17,17,0,0,17,0,0,17
952,20,20,20,20,20,20,20,20,0,0,20,0,0,20
953,10,10,10,10,10,10,10,10,0,0,10,2,2,10
954,5,5,5,5,5,5,5,5,0,0,5,2,1,5
955,4,4,4,4,4,4,4,4,0,0,4,3,1,4
956,6,6,6,6,6,6,6,6,0,0,6,0,0,6
957,2,2,2,2,2,2,2,2,0,0,2,0,0,2
958,1,1,1,1,1,1,1,1,0,0,1,0,0,1
959,3,3,3,3,3,3,3,3,0,0,3,0,0,3
960,2,2,2,2,2,2,2,2,0,0,2,1,1,2
961,1,1,1,1,1,1,1,1,0,0,1,0,0,1
962,8,8,8,8,8,8,8,8,1,1,8,4,4,8
963,10,10,10,10,10,10,10,10,3,3,10,7,7,10
964,68,68,68,68,68,68,68,68,23,23,68,52,52,68
965,9,9,9,9,9,9,9,9,1,1,9,1,1,9
966,11,11,11,11,11,11,11,11,5,5,11,9,9,11
967,27,27,27,27,27,27,24,24,0,0,27,9,9,27
968,2,2,2,2,2,2,2,2,0,0,2,0,0,2
97,1,1,1,1,1,1,1,1,0,0,1,0,0,1
970,34,34,34,34,34,34,34,34,5,5,34,9,9,34
971,13,13,13,13,13,13,13,13,5,5,13,12,12,13
972,6,6,6,6,6,6,6,6,0,0,6,6,0,6
973,8,8,8,8,8,8,8,8,0,0,8,6,0,8
974,5,5,5,5,5,5,5,5,0,0,5,0,0,5
975,5,5,5,5,5,5,5,5,1,1,5,1,1,5
976,1,1,1,1,1,1,1,1,0,0,1,1,1,1
978,1,1,1,1,1,1,1,1,1,1,1,1,1,1
979,8,8,8,8,8,8,8,8,3,3,8,6,6,8
98,1,1,1,1,1,1,1,1,0,0,1,0,0,1
981,1,1,1,1,1,1,1,1,0,0,1,0,0,1
983,6,6,6,6,6,6,6,6,0,0,6,4,2,6
984,16,16,16,16,16,16,16,16,0,0,16,4,3,16
985,2,2,2,2,2,2,2,2,0,0,2,0,0,2
986,6,6,6,6,6,6,6,6,0,0,6,4,4,6
987,8,8,8,8,8,8,8,8,0,0,8,3,2,8
988,5,5,5,5,5,5,5,5,1,1,5,3,3,5
989,4,4,4,4,4,4,4,4,0,0,4,2,2,4
990,21,21,21,21,21,21,21,21,0,0,21,19,16,21
991,158,158,158,158,158,158,146,146,5,5,158,140,63,158
992,11,11,11,11,11,11,11,11,0,0,11,10,10,11
993,12,12,12,12,12,12,12,12,0,0,12,7,7,12
994,10,10,10,10,10,10,10,10,0,0,10,1,1,10
995,14,14,14,14,14,14,13,13,2,2,14,3,3,14
996,3,3,3,3,3,3,3,3,0,0,3,2,2,3
997,1,1,1,1,1,1,1,1,0,0,1,0,0,1
998,3,3,3,3,3,3,3,3,0,0,3,2,2,3
999,52,52,52,52,52,52,50,50,2,2,52,12,9,52
A51,11,11,11,11,11,11,11,11,0,0,11,1,0,11
A53,12,12,12,12,12,12,12,12,9,9,12,12,12,12
A59,4,4,4,4,4,4,4,4,0,0,4,4,4,4
A60,16,16,16,16,16,16,16,16,6,6,16,16,16,16
A61,16,16,16,16,16,16,16,16,6,6,16,15,15,16
A68,36,36,36,36,36,36,36,36,27,27,36,35,35,36
A78,26,26,26,26,26,26,26,26,12,12,26,25,25,26
A79,19,19,19,19,19,19,19,19,9,9,19,19,19,19
A88,6,6,6,6,6,6,6,6,3,3,6,6,6,6
A97,3,3,3,3,3,3,3,3,3,3,3,3,3,3
AAA,335,335,335,335,335,335,327,327,127,127,335,24,24,335
BUN,6,6,6,6,6,6,6,6,0,0,6,6,6,6
D04,141,141,141,141,141,141,141,141,6,6,141,141,141,141
DAI,15,15,15,15,15,15,15,15,0,0,15,9,9,15
DKI,22,22,22,22,22,22,22,22,0,0,22,18,18,22
E30,14,14,14,14,14,14,14,14,12,12,14,14,14,14
E34,33,33,33,33,33,33,33,33,15,15,33,20,20,33
E35,6,6,6,6,6,6,6,6,5,5,6,6,6,6
E36,6,6,6,6,6,6,6,6,4,4,6,6,6,6
E38,6,6,6,6,6,6,6,6,6,6,6,6,6,6
E41,5,5,5,5,5,5,5,5,5,5,5,5,5,5
E47,1,1,1,1,1,1,1,1,1,1,1,1,1,1
E50,3,3,3,3,3,3,3,3,0,0,3,3,3,3
E63,2,2,2,2,2,2,2,2,0,0,2,2,2,2
E65,20,20,20,20,20,20,20,20,16,16,20,19,19,20
E66,13,13,13,13,13,13,13,13,12,12,13,13,13,13
F00,258,257,258,258,258,258,258,258,0,0,258,40,40,258
H84,5,5,5,5,5,5,5,5,0,0,5,3,3,5
H90,21,21,21,21,21,21,21,21,0,0,21,0,0,21
H97,18,18,18,18,18,18,18,18,0,0,18,14,14,18
HAN,19,19,19,19,19,19,19,19,0,0,19,12,12,19
J00,18,18,18,18,18,18,18,18,15,15,18,18,18,18
J08,13,13,13,13,13,13,13,13,6,6,13,13,12,13
J09,54,54,54,54,54,54,54,54,39,39,54,48,45,54
J10,22,22,22,22,22,22,22,22,12,12,22,17,16,22
J15,1,1,1,1,1,1,1,1,1,1,1,1,1,1
J18,1,1,1,1,1,1,1,1,0,0,1,1,1,1
J26,1,1,1,1,1,1,1,1,0,0,1,1,1,1
J27,17,17,17,17,17,17,17,17,12,12,17,16,16,17
J28,21,21,21,21,21,21,21,21,10,10,21,17,17,21
J29,5,5,5,5,5,5,5,5,0,0,5,1,1,5
J30,94,94,94,94,94,94,94,94,87,87,94,94,93,94
J31,1,1,1,1,1,1,1,1,0,0,1,0,0,1
J36,2,2,2,2,2,2,2,2,0,0,2,2,2,2
J37,10,10,10,10,10,10,10,10,10,10,10,10,10,10
J47,30,30,30,30,30,30,30,30,14,14,30,20,17,30
J48,11,11,11,11,11,11,11,11,6,6,11,11,11,11
J58,4,4,4,4,4,4,4,4,4,4,4,4,4,4
J65,22,22,22,22,22,22,22,22,17,17,22,22,22,22
J66,25,25,25,25,25,25,25,25,19,19,25,25,23,25
J67,41,41,41,41,41,41,41,41,25,25,41,41,40,41
J69,47,47,47,47,47,47,47,47,32,32,47,37,35,47
J81,11,11,11,11,11,11,11,11,8,8,11,11,11,11
J83,10,10,10,10,10,10,10,10,6,6,10,7,7,10
J84,29,29,29,29,29,29,29,29,21,21,29,26,26,29
J86,2,2,2,2,2,2,2,2,0,0,2,1,1,2
J92,27,27,27,27,27,27,27,27,20,20,27,26,26,27
J93,72,72,72,72,72,72,72,72,46,46,72,38,38,72
J97,11,11,11,11,11,11,11,11,0,0,11,5,5,11
J98,1,1,1,1,1,1,1,1,0,0,1,1,1,1
K29,1587,1587,1587,1587,1587,1587,1587,1587,133,133,1587,239,239,1587
K38,3,3,3,3,3,3,3,3,0,0,3,0,0,3
K81,14,14,14,14,14,14,14,14,0,0,14,14,14,14
K89,3,3,3,3,3,3,3,3,0,0,3,3,3,3
KEI,27,27,27,27,27,27,27,27,0,0,27,26,26,27
KIN,46,46,46,46,46,46,46,46,0,0,46,36,36,46
M40,2,2,2,2,2,2,2,2,0,0,2,0,0,2
MAN,10,10,10,10,10,10,10,10,0,0,10,2,2,10
N41,2,2,2,2,2,2,2,2,0,0,2,2,2,2
N42,22,22,22,22,22,22,21,21,0,0,22,22,21,22
N67,19,19,19,19,19,19,19,19,0,0,19,9,9,19
N85,9,9,9,9,9,9,9,9,6,6,9,9,9,9
N86,3,3,3,3,3,3,3,3,3,3,3,3,3,3
N87,9,9,9,9,9,9,9,9,6,6,9,9,9,9
N88,3,3,3,3,3,3,3,3,3,3,3,3,3,3
P00,2,2,2,2,2,2,2,2,0,0,2,2,2,2
P01,23,23,23,23,23,23,23,23,21,21,23,23,23,23
P02,16,16,16,16,16,16,16,16,7,7,16,9,9,16
P07,15,15,15,15,15,15,15,15,10,10,15,12,12,15
P08,8,8,8,8,8,8,8,8,4,4,8,4,4,8
P09,30,30,30,30,30,30,30,30,22,22,30,24,24,30
P10,11,11,11,11,11,11,11,11,10,10,11,11,11,11
P11,9,9,9,9,9,9,9,9,7,7,9,9,9,9
P12,18,18,18,18,18,18,18,18,13,13,18,15,15,18
P13,4,4,4,4,4,4,4,4,0,0,4,2,2,4
P16,11,11,11,11,11,11,11,11,4,4,11,5,5,11
P17,13,13,13,13,13,13,13,13,12,12,13,8,8,13
P19,1,1,1,1,1,1,1,1,0,0,1,0,0,1
P20,31,31,31,31,31,31,31,31,23,23,31,29,29,31
P22,8,8,8,8,8,8,8,8,8,8,8,8,8,8
P23,17,17,17,17,17,17,17,17,7,7,17,14,14,17
P24,52,52,52,52,52,52,52,52,40,40,52,48,48,52
P25,5,5,5,5,5,5,5,5,5,5,5,4,4,5
P27,23,23,23,23,23,23,23,23,15,15,23,17,17,23
P28,18,18,18,18,18,18,18,18,16,16,18,16,16,18
P30,4,4,4,4,4,4,4,4,4,4,4,4,4,4
P39,12,12,12,12,12,12,12,12,10,10,12,12,12,12
P40,13,13,13,13,13,13,13,13,10,10,13,13,13,13
P42,12,12,12,12,12,12,12,12,10,10,12,12,12,12
P43,36,36,36,36,36,36,36,36,34,34,36,34,34,36
P44,19,19,19,19,19,19,19,19,17,17,19,19,19,19
P52,2,2,2,2,2,2,2,2,2,2,2,2,2,2
P61,16,16,16,16,16,16,16,16,14,14,16,16,16,16
P63,7,7,7,7,7,7,7,7,2,2,7,5,5,7
P64,6,6,6,6,6,6,6,6,4,4,6,6,6,6
P65,14,14,14,14,14,14,14,14,11,11,14,12,12,14
P66,5,5,5,5,5,5,5,5,0,0,5,5,5,5
P67,14,14,14,14,14,14,14,14,11,11,14,13,13,14
P68,13,13,13,13,13,13,13,13,12,12,13,13,13,13
P69,13,13,13,13,13,13,13,13,11,11,13,11,11,13
P70,14,14,14,14,14,14,14,14,0,0,14,10,9,14
P71,13,13,13,13,13,13,13,13,11,11,13,11,11,13
P72,9,9,9,9,9,9,9,9,4,4,9,7,7,9
P73,5,5,5,5,5,5,5,5,4,4,5,4,4,5
P74,11,11,11,11,11,11,11,11,9,9,11,11,11,11
P76,10,10,10,10,10,10,10,10,7,7,10,10,10,10
P82,17,17,17,17,17,17,17,17,7,7,17,17,16,17
P90,2,2,2,2,2,2,2,2,2,2,2,2,2,2
P96,7,7,7,7,7,7,7,7,6,6,7,7,7,7
SUN,52,52,52,52,52,52,52,52,0,0,52,31,31,52
TAK,18,18,18,18,18,18,18,18,0,0,18,14,14,18
TKS,3,3,3,3,3,3,3,3,0,0,3,3,3,3
TOU,5,5,5,5,5,5,5,5,0,0,5,3,3,5
U08,8,8,8,8,8,8,8,8,0,0,8,4,4,8
W00,13,13,13,13,13,13,13,13,10,10,13,13,13,13
W09,1,1,1,1,1,1,1,1,0,0,1,1,1,1
W11,36,36,36,36,36,36,36,36,23,23,36,28,28,36
W33,2,2,2,2,2,2,2,2,0,0,2,0,0,2
W37,4,4,4,4,4,4,4,4,0,0,4,4,4,4
W38,1,1,1,1,1,1,1,1,1,1,1,1,1,1
W39,2,2,2,2,2,2,2,2,2,2,2,2,2,2
W43,2,2,2,2,2,2,2,2,0,0,2,1,1,2
W44,2,2,2,2,2,2,2,2,2,2,2,2,2,2
W57,18,18,18,18,18,18,18,18,11,11,18,15,15,18
W58,15,15,15,15,15,15,15,15,12,12,15,15,15,15
W59,1,1,1,1,1,1,1,1,0,0,1,1,1,1
W60,8,8,8,8,8,8,8,8,6,6,8,6,6,8
W61,82,82,82,82,82,82,82,82,24,24,82,55,36,82
Y00,9,9,9,9,9,9,9,9,0,0,9,1,1,9
Y06,2,2,2,2,2,2,2,2,0,0,2,0,0,2
Y08,6,6,6,6,6,6,6,6,0,0,6,2,2,6
YZ0,1,1,1,1,1,1,1,1,0,0,1,1,1,1
YZ2,7,7,7,7,7,7,7,7,0,0,7,5,5,7
YZ8,2,2,2,2,2,2,2,2,0,0,2,2,2,2
YZ9,1,1,1,1,1,1,1,1,0,0,1,1,1,1
bic,3,3,3,3,3,3,3,3,0,0,3,0,0,3
ck0,6,6,6,6,6,6,5,5,0,0,6,2,2,6
dai,1,0,1,1,1,1,1,1,0,0,1,0,0,1
