ymd,year,quater,half_period,ym,year_weeki,month,day,day_of_the_week
2007-01-01,2007,20064,20062,200701,200701,1,1,月
2007-01-02,2007,20064,20062,200701,200701,1,2,火
2007-01-03,2007,20064,20062,200701,200701,1,3,水
2007-01-04,2007,20064,20062,200701,200701,1,4,木
2007-01-05,2007,20064,20062,200701,200701,1,5,金
2007-01-06,2007,20064,20062,200701,200701,1,6,土
2007-01-07,2007,20064,20062,200701,200701,1,7,日
2007-01-08,2007,20064,20062,200701,200702,1,8,月
2007-01-09,2007,20064,20062,200701,200702,1,9,火
2007-01-10,2007,20064,20062,200701,200702,1,10,水
2007-01-11,2007,20064,20062,200701,200702,1,11,木
2007-01-12,2007,20064,20062,200701,200702,1,12,金
2007-01-13,2007,20064,20062,200701,200702,1,13,土
2007-01-14,2007,20064,20062,200701,200702,1,14,日
2007-01-15,2007,20064,20062,200701,200703,1,15,月
2007-01-16,2007,20064,20062,200701,200703,1,16,火
2007-01-17,2007,20064,20062,200701,200703,1,17,水
2007-01-18,2007,20064,20062,200701,200703,1,18,木
2007-01-19,2007,20064,20062,200701,200703,1,19,金
2007-01-20,2007,20064,20062,200701,200703,1,20,土
2007-01-21,2007,20064,20062,200701,200703,1,21,日
2007-01-22,2007,20064,20062,200701,200704,1,22,月
2007-01-23,2007,20064,20062,200701,200704,1,23,火
2007-01-24,2007,20064,20062,200701,200704,1,24,水
2007-01-25,2007,20064,20062,200701,200704,1,25,木
2007-01-26,2007,20064,20062,200701,200704,1,26,金
2007-01-27,2007,20064,20062,200701,200704,1,27,土
2007-01-28,2007,20064,20062,200701,200704,1,28,日
2007-01-29,2007,20064,20062,200701,200705,1,29,月
2007-01-30,2007,20064,20062,200701,200705,1,30,火
2007-01-31,2007,20064,20062,200701,200705,1,31,水
2007-02-01,2007,20064,20062,200702,200705,2,1,木
2007-02-02,2007,20064,20062,200702,200705,2,2,金
2007-02-03,2007,20064,20062,200702,200705,2,3,土
2007-02-04,2007,20064,20062,200702,200705,2,4,日
2007-02-05,2007,20064,20062,200702,200706,2,5,月
2007-02-06,2007,20064,20062,200702,200706,2,6,火
2007-02-07,2007,20064,20062,200702,200706,2,7,水
2007-02-08,2007,20064,20062,200702,200706,2,8,木
2007-02-09,2007,20064,20062,200702,200706,2,9,金
2007-02-10,2007,20064,20062,200702,200706,2,10,土
2007-02-11,2007,20064,20062,200702,200706,2,11,日
2007-02-12,2007,20064,20062,200702,200707,2,12,月
2007-02-13,2007,20064,20062,200702,200707,2,13,火
2007-02-14,2007,20064,20062,200702,200707,2,14,水
2007-02-15,2007,20064,20062,200702,200707,2,15,木
2007-02-16,2007,20064,20062,200702,200707,2,16,金
2007-02-17,2007,20064,20062,200702,200707,2,17,土
2007-02-18,2007,20064,20062,200702,200707,2,18,日
2007-02-19,2007,20064,20062,200702,200708,2,19,月
2007-02-20,2007,20064,20062,200702,200708,2,20,火
2007-02-21,2007,20064,20062,200702,200708,2,21,水
2007-02-22,2007,20064,20062,200702,200708,2,22,木
2007-02-23,2007,20064,20062,200702,200708,2,23,金
2007-02-24,2007,20064,20062,200702,200708,2,24,土
2007-02-25,2007,20064,20062,200702,200708,2,25,日
2007-02-26,2007,20064,20062,200702,200709,2,26,月
2007-02-27,2007,20064,20062,200702,200709,2,27,火
2007-02-28,2007,20064,20062,200702,200709,2,28,水
2007-03-01,2007,20071,20071,200703,200709,3,1,木
2007-03-02,2007,20071,20071,200703,200709,3,2,金
2007-03-03,2007,20071,20071,200703,200709,3,3,土
2007-03-04,2007,20071,20071,200703,200709,3,4,日
2007-03-05,2007,20071,20071,200703,200710,3,5,月
2007-03-06,2007,20071,20071,200703,200710,3,6,火
2007-03-07,2007,20071,20071,200703,200710,3,7,水
2007-03-08,2007,20071,20071,200703,200710,3,8,木
2007-03-09,2007,20071,20071,200703,200710,3,9,金
2007-03-10,2007,20071,20071,200703,200710,3,10,土
2007-03-11,2007,20071,20071,200703,200710,3,11,日
2007-03-12,2007,20071,20071,200703,200711,3,12,月
2007-03-13,2007,20071,20071,200703,200711,3,13,火
2007-03-14,2007,20071,20071,200703,200711,3,14,水
2007-03-15,2007,20071,20071,200703,200711,3,15,木
2007-03-16,2007,20071,20071,200703,200711,3,16,金
2007-03-17,2007,20071,20071,200703,200711,3,17,土
2007-03-18,2007,20071,20071,200703,200711,3,18,日
2007-03-19,2007,20071,20071,200703,200712,3,19,月
2007-03-20,2007,20071,20071,200703,200712,3,20,火
2007-03-21,2007,20071,20071,200703,200712,3,21,水
2007-03-22,2007,20071,20071,200703,200712,3,22,木
2007-03-23,2007,20071,20071,200703,200712,3,23,金
2007-03-24,2007,20071,20071,200703,200712,3,24,土
2007-03-25,2007,20071,20071,200703,200712,3,25,日
2007-03-26,2007,20071,20071,200703,200713,3,26,月
2007-03-27,2007,20071,20071,200703,200713,3,27,火
2007-03-28,2007,20071,20071,200703,200713,3,28,水
2007-03-29,2007,20071,20071,200703,200713,3,29,木
2007-03-30,2007,20071,20071,200703,200713,3,30,金
2007-03-31,2007,20071,20071,200703,200713,3,31,土
2007-04-01,2007,20071,20071,200704,200713,4,1,日
2007-04-02,2007,20071,20071,200704,200714,4,2,月
2007-04-03,2007,20071,20071,200704,200714,4,3,火
2007-04-04,2007,20071,20071,200704,200714,4,4,水
2007-04-05,2007,20071,20071,200704,200714,4,5,木
2007-04-06,2007,20071,20071,200704,200714,4,6,金
2007-04-07,2007,20071,20071,200704,200714,4,7,土
2007-04-08,2007,20071,20071,200704,200714,4,8,日
2007-04-09,2007,20071,20071,200704,200715,4,9,月
2007-04-10,2007,20071,20071,200704,200715,4,10,火
2007-04-11,2007,20071,20071,200704,200715,4,11,水
2007-04-12,2007,20071,20071,200704,200715,4,12,木
2007-04-13,2007,20071,20071,200704,200715,4,13,金
2007-04-14,2007,20071,20071,200704,200715,4,14,土
2007-04-15,2007,20071,20071,200704,200715,4,15,日
2007-04-16,2007,20071,20071,200704,200716,4,16,月
2007-04-17,2007,20071,20071,200704,200716,4,17,火
2007-04-18,2007,20071,20071,200704,200716,4,18,水
2007-04-19,2007,20071,20071,200704,200716,4,19,木
2007-04-20,2007,20071,20071,200704,200716,4,20,金
2007-04-21,2007,20071,20071,200704,200716,4,21,土
2007-04-22,2007,20071,20071,200704,200716,4,22,日
2007-04-23,2007,20071,20071,200704,200717,4,23,月
2007-04-24,2007,20071,20071,200704,200717,4,24,火
2007-04-25,2007,20071,20071,200704,200717,4,25,水
2007-04-26,2007,20071,20071,200704,200717,4,26,木
2007-04-27,2007,20071,20071,200704,200717,4,27,金
2007-04-28,2007,20071,20071,200704,200717,4,28,土
2007-04-29,2007,20071,20071,200704,200717,4,29,日
2007-04-30,2007,20071,20071,200704,200718,4,30,月
2007-05-01,2007,20071,20071,200705,200718,5,1,火
2007-05-02,2007,20071,20071,200705,200718,5,2,水
2007-05-03,2007,20071,20071,200705,200718,5,3,木
2007-05-04,2007,20071,20071,200705,200718,5,4,金
2007-05-05,2007,20071,20071,200705,200718,5,5,土
2007-05-06,2007,20071,20071,200705,200718,5,6,日
2007-05-07,2007,20071,20071,200705,200719,5,7,月
2007-05-08,2007,20071,20071,200705,200719,5,8,火
2007-05-09,2007,20071,20071,200705,200719,5,9,水
2007-05-10,2007,20071,20071,200705,200719,5,10,木
2007-05-11,2007,20071,20071,200705,200719,5,11,金
2007-05-12,2007,20071,20071,200705,200719,5,12,土
2007-05-13,2007,20071,20071,200705,200719,5,13,日
2007-05-14,2007,20071,20071,200705,200720,5,14,月
2007-05-15,2007,20071,20071,200705,200720,5,15,火
2007-05-16,2007,20071,20071,200705,200720,5,16,水
2007-05-17,2007,20071,20071,200705,200720,5,17,木
2007-05-18,2007,20071,20071,200705,200720,5,18,金
2007-05-19,2007,20071,20071,200705,200720,5,19,土
2007-05-20,2007,20071,20071,200705,200720,5,20,日
2007-05-21,2007,20071,20071,200705,200721,5,21,月
2007-05-22,2007,20071,20071,200705,200721,5,22,火
2007-05-23,2007,20071,20071,200705,200721,5,23,水
2007-05-24,2007,20071,20071,200705,200721,5,24,木
2007-05-25,2007,20071,20071,200705,200721,5,25,金
2007-05-26,2007,20071,20071,200705,200721,5,26,土
2007-05-27,2007,20071,20071,200705,200721,5,27,日
2007-05-28,2007,20071,20071,200705,200722,5,28,月
2007-05-29,2007,20071,20071,200705,200722,5,29,火
2007-05-30,2007,20071,20071,200705,200722,5,30,水
2007-05-31,2007,20071,20071,200705,200722,5,31,木
2007-06-01,2007,20072,20071,200706,200722,6,1,金
2007-06-02,2007,20072,20071,200706,200722,6,2,土
2007-06-03,2007,20072,20071,200706,200722,6,3,日
2007-06-04,2007,20072,20071,200706,200723,6,4,月
2007-06-05,2007,20072,20071,200706,200723,6,5,火
2007-06-06,2007,20072,20071,200706,200723,6,6,水
2007-06-07,2007,20072,20071,200706,200723,6,7,木
2007-06-08,2007,20072,20071,200706,200723,6,8,金
2007-06-09,2007,20072,20071,200706,200723,6,9,土
2007-06-10,2007,20072,20071,200706,200723,6,10,日
2007-06-11,2007,20072,20071,200706,200724,6,11,月
2007-06-12,2007,20072,20071,200706,200724,6,12,火
2007-06-13,2007,20072,20071,200706,200724,6,13,水
2007-06-14,2007,20072,20071,200706,200724,6,14,木
2007-06-15,2007,20072,20071,200706,200724,6,15,金
2007-06-16,2007,20072,20071,200706,200724,6,16,土
2007-06-17,2007,20072,20071,200706,200724,6,17,日
2007-06-18,2007,20072,20071,200706,200725,6,18,月
2007-06-19,2007,20072,20071,200706,200725,6,19,火
2007-06-20,2007,20072,20071,200706,200725,6,20,水
2007-06-21,2007,20072,20071,200706,200725,6,21,木
2007-06-22,2007,20072,20071,200706,200725,6,22,金
2007-06-23,2007,20072,20071,200706,200725,6,23,土
2007-06-24,2007,20072,20071,200706,200725,6,24,日
2007-06-25,2007,20072,20071,200706,200726,6,25,月
2007-06-26,2007,20072,20071,200706,200726,6,26,火
2007-06-27,2007,20072,20071,200706,200726,6,27,水
2007-06-28,2007,20072,20071,200706,200726,6,28,木
2007-06-29,2007,20072,20071,200706,200726,6,29,金
2007-06-30,2007,20072,20071,200706,200726,6,30,土
2007-07-01,2007,20072,20071,200707,200726,7,1,日
2007-07-02,2007,20072,20071,200707,200727,7,2,月
2007-07-03,2007,20072,20071,200707,200727,7,3,火
2007-07-04,2007,20072,20071,200707,200727,7,4,水
2007-07-05,2007,20072,20071,200707,200727,7,5,木
2007-07-06,2007,20072,20071,200707,200727,7,6,金
2007-07-07,2007,20072,20071,200707,200727,7,7,土
2007-07-08,2007,20072,20071,200707,200727,7,8,日
2007-07-09,2007,20072,20071,200707,200728,7,9,月
2007-07-10,2007,20072,20071,200707,200728,7,10,火
2007-07-11,2007,20072,20071,200707,200728,7,11,水
2007-07-12,2007,20072,20071,200707,200728,7,12,木
2007-07-13,2007,20072,20071,200707,200728,7,13,金
2007-07-14,2007,20072,20071,200707,200728,7,14,土
2007-07-15,2007,20072,20071,200707,200728,7,15,日
2007-07-16,2007,20072,20071,200707,200729,7,16,月
2007-07-17,2007,20072,20071,200707,200729,7,17,火
2007-07-18,2007,20072,20071,200707,200729,7,18,水
2007-07-19,2007,20072,20071,200707,200729,7,19,木
2007-07-20,2007,20072,20071,200707,200729,7,20,金
2007-07-21,2007,20072,20071,200707,200729,7,21,土
2007-07-22,2007,20072,20071,200707,200729,7,22,日
2007-07-23,2007,20072,20071,200707,200730,7,23,月
2007-07-24,2007,20072,20071,200707,200730,7,24,火
2007-07-25,2007,20072,20071,200707,200730,7,25,水
2007-07-26,2007,20072,20071,200707,200730,7,26,木
2007-07-27,2007,20072,20071,200707,200730,7,27,金
2007-07-28,2007,20072,20071,200707,200730,7,28,土
2007-07-29,2007,20072,20071,200707,200730,7,29,日
2007-07-30,2007,20072,20071,200707,200731,7,30,月
2007-07-31,2007,20072,20071,200707,200731,7,31,火
2007-08-01,2007,20072,20071,200708,200731,8,1,水
2007-08-02,2007,20072,20071,200708,200731,8,2,木
2007-08-03,2007,20072,20071,200708,200731,8,3,金
2007-08-04,2007,20072,20071,200708,200731,8,4,土
2007-08-05,2007,20072,20071,200708,200731,8,5,日
2007-08-06,2007,20072,20071,200708,200732,8,6,月
2007-08-07,2007,20072,20071,200708,200732,8,7,火
2007-08-08,2007,20072,20071,200708,200732,8,8,水
2007-08-09,2007,20072,20071,200708,200732,8,9,木
2007-08-10,2007,20072,20071,200708,200732,8,10,金
2007-08-11,2007,20072,20071,200708,200732,8,11,土
2007-08-12,2007,20072,20071,200708,200732,8,12,日
2007-08-13,2007,20072,20071,200708,200733,8,13,月
2007-08-14,2007,20072,20071,200708,200733,8,14,火
2007-08-15,2007,20072,20071,200708,200733,8,15,水
2007-08-16,2007,20072,20071,200708,200733,8,16,木
2007-08-17,2007,20072,20071,200708,200733,8,17,金
2007-08-18,2007,20072,20071,200708,200733,8,18,土
2007-08-19,2007,20072,20071,200708,200733,8,19,日
2007-08-20,2007,20072,20071,200708,200734,8,20,月
2007-08-21,2007,20072,20071,200708,200734,8,21,火
2007-08-22,2007,20072,20071,200708,200734,8,22,水
2007-08-23,2007,20072,20071,200708,200734,8,23,木
2007-08-24,2007,20072,20071,200708,200734,8,24,金
2007-08-25,2007,20072,20071,200708,200734,8,25,土
2007-08-26,2007,20072,20071,200708,200734,8,26,日
2007-08-27,2007,20072,20071,200708,200735,8,27,月
2007-08-28,2007,20072,20071,200708,200735,8,28,火
2007-08-29,2007,20072,20071,200708,200735,8,29,水
2007-08-30,2007,20072,20071,200708,200735,8,30,木
2007-08-31,2007,20072,20071,200708,200735,8,31,金
2007-09-01,2007,20073,20072,200709,200735,9,1,土
2007-09-02,2007,20073,20072,200709,200735,9,2,日
2007-09-03,2007,20073,20072,200709,200736,9,3,月
2007-09-04,2007,20073,20072,200709,200736,9,4,火
2007-09-05,2007,20073,20072,200709,200736,9,5,水
2007-09-06,2007,20073,20072,200709,200736,9,6,木
2007-09-07,2007,20073,20072,200709,200736,9,7,金
2007-09-08,2007,20073,20072,200709,200736,9,8,土
2007-09-09,2007,20073,20072,200709,200736,9,9,日
2007-09-10,2007,20073,20072,200709,200737,9,10,月
2007-09-11,2007,20073,20072,200709,200737,9,11,火
2007-09-12,2007,20073,20072,200709,200737,9,12,水
2007-09-13,2007,20073,20072,200709,200737,9,13,木
2007-09-14,2007,20073,20072,200709,200737,9,14,金
2007-09-15,2007,20073,20072,200709,200737,9,15,土
2007-09-16,2007,20073,20072,200709,200737,9,16,日
2007-09-17,2007,20073,20072,200709,200738,9,17,月
2007-09-18,2007,20073,20072,200709,200738,9,18,火
2007-09-19,2007,20073,20072,200709,200738,9,19,水
2007-09-20,2007,20073,20072,200709,200738,9,20,木
2007-09-21,2007,20073,20072,200709,200738,9,21,金
2007-09-22,2007,20073,20072,200709,200738,9,22,土
2007-09-23,2007,20073,20072,200709,200738,9,23,日
2007-09-24,2007,20073,20072,200709,200739,9,24,月
2007-09-25,2007,20073,20072,200709,200739,9,25,火
2007-09-26,2007,20073,20072,200709,200739,9,26,水
2007-09-27,2007,20073,20072,200709,200739,9,27,木
2007-09-28,2007,20073,20072,200709,200739,9,28,金
2007-09-29,2007,20073,20072,200709,200739,9,29,土
2007-09-30,2007,20073,20072,200709,200739,9,30,日
2007-10-01,2007,20073,20072,200710,200740,10,1,月
2007-10-02,2007,20073,20072,200710,200740,10,2,火
2007-10-03,2007,20073,20072,200710,200740,10,3,水
2007-10-04,2007,20073,20072,200710,200740,10,4,木
2007-10-05,2007,20073,20072,200710,200740,10,5,金
2007-10-06,2007,20073,20072,200710,200740,10,6,土
2007-10-07,2007,20073,20072,200710,200740,10,7,日
2007-10-08,2007,20073,20072,200710,200741,10,8,月
2007-10-09,2007,20073,20072,200710,200741,10,9,火
2007-10-10,2007,20073,20072,200710,200741,10,10,水
2007-10-11,2007,20073,20072,200710,200741,10,11,木
2007-10-12,2007,20073,20072,200710,200741,10,12,金
2007-10-13,2007,20073,20072,200710,200741,10,13,土
2007-10-14,2007,20073,20072,200710,200741,10,14,日
2007-10-15,2007,20073,20072,200710,200742,10,15,月
2007-10-16,2007,20073,20072,200710,200742,10,16,火
2007-10-17,2007,20073,20072,200710,200742,10,17,水
2007-10-18,2007,20073,20072,200710,200742,10,18,木
2007-10-19,2007,20073,20072,200710,200742,10,19,金
2007-10-20,2007,20073,20072,200710,200742,10,20,土
2007-10-21,2007,20073,20072,200710,200742,10,21,日
2007-10-22,2007,20073,20072,200710,200743,10,22,月
2007-10-23,2007,20073,20072,200710,200743,10,23,火
2007-10-24,2007,20073,20072,200710,200743,10,24,水
2007-10-25,2007,20073,20072,200710,200743,10,25,木
2007-10-26,2007,20073,20072,200710,200743,10,26,金
2007-10-27,2007,20073,20072,200710,200743,10,27,土
2007-10-28,2007,20073,20072,200710,200743,10,28,日
2007-10-29,2007,20073,20072,200710,200744,10,29,月
2007-10-30,2007,20073,20072,200710,200744,10,30,火
2007-10-31,2007,20073,20072,200710,200744,10,31,水
2007-11-01,2007,20073,20072,200711,200744,11,1,木
2007-11-02,2007,20073,20072,200711,200744,11,2,金
2007-11-03,2007,20073,20072,200711,200744,11,3,土
2007-11-04,2007,20073,20072,200711,200744,11,4,日
2007-11-05,2007,20073,20072,200711,200745,11,5,月
2007-11-06,2007,20073,20072,200711,200745,11,6,火
2007-11-07,2007,20073,20072,200711,200745,11,7,水
2007-11-08,2007,20073,20072,200711,200745,11,8,木
2007-11-09,2007,20073,20072,200711,200745,11,9,金
2007-11-10,2007,20073,20072,200711,200745,11,10,土
2007-11-11,2007,20073,20072,200711,200745,11,11,日
2007-11-12,2007,20073,20072,200711,200746,11,12,月
2007-11-13,2007,20073,20072,200711,200746,11,13,火
2007-11-14,2007,20073,20072,200711,200746,11,14,水
2007-11-15,2007,20073,20072,200711,200746,11,15,木
2007-11-16,2007,20073,20072,200711,200746,11,16,金
2007-11-17,2007,20073,20072,200711,200746,11,17,土
2007-11-18,2007,20073,20072,200711,200746,11,18,日
2007-11-19,2007,20073,20072,200711,200747,11,19,月
2007-11-20,2007,20073,20072,200711,200747,11,20,火
2007-11-21,2007,20073,20072,200711,200747,11,21,水
2007-11-22,2007,20073,20072,200711,200747,11,22,木
2007-11-23,2007,20073,20072,200711,200747,11,23,金
2007-11-24,2007,20073,20072,200711,200747,11,24,土
2007-11-25,2007,20073,20072,200711,200747,11,25,日
2007-11-26,2007,20073,20072,200711,200748,11,26,月
2007-11-27,2007,20073,20072,200711,200748,11,27,火
2007-11-28,2007,20073,20072,200711,200748,11,28,水
2007-11-29,2007,20073,20072,200711,200748,11,29,木
2007-11-30,2007,20073,20072,200711,200748,11,30,金
2007-12-01,2007,20074,20072,200712,200748,12,1,土
2007-12-02,2007,20074,20072,200712,200748,12,2,日
2007-12-03,2007,20074,20072,200712,200749,12,3,月
2007-12-04,2007,20074,20072,200712,200749,12,4,火
2007-12-05,2007,20074,20072,200712,200749,12,5,水
2007-12-06,2007,20074,20072,200712,200749,12,6,木
2007-12-07,2007,20074,20072,200712,200749,12,7,金
2007-12-08,2007,20074,20072,200712,200749,12,8,土
2007-12-09,2007,20074,20072,200712,200749,12,9,日
2007-12-10,2007,20074,20072,200712,200750,12,10,月
2007-12-11,2007,20074,20072,200712,200750,12,11,火
2007-12-12,2007,20074,20072,200712,200750,12,12,水
2007-12-13,2007,20074,20072,200712,200750,12,13,木
2007-12-14,2007,20074,20072,200712,200750,12,14,金
2007-12-15,2007,20074,20072,200712,200750,12,15,土
2007-12-16,2007,20074,20072,200712,200750,12,16,日
2007-12-17,2007,20074,20072,200712,200751,12,17,月
2007-12-18,2007,20074,20072,200712,200751,12,18,火
2007-12-19,2007,20074,20072,200712,200751,12,19,水
2007-12-20,2007,20074,20072,200712,200751,12,20,木
2007-12-21,2007,20074,20072,200712,200751,12,21,金
2007-12-22,2007,20074,20072,200712,200751,12,22,土
2007-12-23,2007,20074,20072,200712,200751,12,23,日
2007-12-24,2007,20074,20072,200712,200752,12,24,月
2007-12-25,2007,20074,20072,200712,200752,12,25,火
2007-12-26,2007,20074,20072,200712,200752,12,26,水
2007-12-27,2007,20074,20072,200712,200752,12,27,木
2007-12-28,2007,20074,20072,200712,200752,12,28,金
2007-12-29,2007,20074,20072,200712,200752,12,29,土
2007-12-30,2007,20074,20072,200712,200752,12,30,日
2007-12-31,2007,20074,20072,200712,200753,12,31,月
2008-01-01,2008,20074,20072,200801,200752,1,1,火
2008-01-02,2008,20074,20072,200801,200752,1,2,水
2008-01-03,2008,20074,20072,200801,200752,1,3,木
2008-01-04,2008,20074,20072,200801,200752,1,4,金
2008-01-05,2008,20074,20072,200801,200752,1,5,土
2008-01-06,2008,20074,20072,200801,200752,1,6,日
2008-01-07,2008,20074,20072,200801,200801,1,7,月
2008-01-08,2008,20074,20072,200801,200801,1,8,火
2008-01-09,2008,20074,20072,200801,200801,1,9,水
2008-01-10,2008,20074,20072,200801,200801,1,10,木
2008-01-11,2008,20074,20072,200801,200801,1,11,金
2008-01-12,2008,20074,20072,200801,200801,1,12,土
2008-01-13,2008,20074,20072,200801,200801,1,13,日
2008-01-14,2008,20074,20072,200801,200802,1,14,月
2008-01-15,2008,20074,20072,200801,200802,1,15,火
2008-01-16,2008,20074,20072,200801,200802,1,16,水
2008-01-17,2008,20074,20072,200801,200802,1,17,木
2008-01-18,2008,20074,20072,200801,200802,1,18,金
2008-01-19,2008,20074,20072,200801,200802,1,19,土
2008-01-20,2008,20074,20072,200801,200802,1,20,日
2008-01-21,2008,20074,20072,200801,200803,1,21,月
2008-01-22,2008,20074,20072,200801,200803,1,22,火
2008-01-23,2008,20074,20072,200801,200803,1,23,水
2008-01-24,2008,20074,20072,200801,200803,1,24,木
2008-01-25,2008,20074,20072,200801,200803,1,25,金
2008-01-26,2008,20074,20072,200801,200803,1,26,土
2008-01-27,2008,20074,20072,200801,200803,1,27,日
2008-01-28,2008,20074,20072,200801,200804,1,28,月
2008-01-29,2008,20074,20072,200801,200804,1,29,火
2008-01-30,2008,20074,20072,200801,200804,1,30,水
2008-01-31,2008,20074,20072,200801,200804,1,31,木
2008-02-01,2008,20074,20072,200802,200804,2,1,金
2008-02-02,2008,20074,20072,200802,200804,2,2,土
2008-02-03,2008,20074,20072,200802,200804,2,3,日
2008-02-04,2008,20074,20072,200802,200805,2,4,月
2008-02-05,2008,20074,20072,200802,200805,2,5,火
2008-02-06,2008,20074,20072,200802,200805,2,6,水
2008-02-07,2008,20074,20072,200802,200805,2,7,木
2008-02-08,2008,20074,20072,200802,200805,2,8,金
2008-02-09,2008,20074,20072,200802,200805,2,9,土
2008-02-10,2008,20074,20072,200802,200805,2,10,日
2008-02-11,2008,20074,20072,200802,200806,2,11,月
2008-02-12,2008,20074,20072,200802,200806,2,12,火
2008-02-13,2008,20074,20072,200802,200806,2,13,水
2008-02-14,2008,20074,20072,200802,200806,2,14,木
2008-02-15,2008,20074,20072,200802,200806,2,15,金
2008-02-16,2008,20074,20072,200802,200806,2,16,土
2008-02-17,2008,20074,20072,200802,200806,2,17,日
2008-02-18,2008,20074,20072,200802,200807,2,18,月
2008-02-19,2008,20074,20072,200802,200807,2,19,火
2008-02-20,2008,20074,20072,200802,200807,2,20,水
2008-02-21,2008,20074,20072,200802,200807,2,21,木
2008-02-22,2008,20074,20072,200802,200807,2,22,金
2008-02-23,2008,20074,20072,200802,200807,2,23,土
2008-02-24,2008,20074,20072,200802,200807,2,24,日
2008-02-25,2008,20074,20072,200802,200808,2,25,月
2008-02-26,2008,20074,20072,200802,200808,2,26,火
2008-02-27,2008,20074,20072,200802,200808,2,27,水
2008-02-28,2008,20074,20072,200802,200808,2,28,木
2008-02-29,2008,20074,20072,200802,200808,2,29,金
2008-03-01,2008,20081,20081,200803,200808,3,1,土
2008-03-02,2008,20081,20081,200803,200808,3,2,日
2008-03-03,2008,20081,20081,200803,200809,3,3,月
2008-03-04,2008,20081,20081,200803,200809,3,4,火
2008-03-05,2008,20081,20081,200803,200809,3,5,水
2008-03-06,2008,20081,20081,200803,200809,3,6,木
2008-03-07,2008,20081,20081,200803,200809,3,7,金
2008-03-08,2008,20081,20081,200803,200809,3,8,土
2008-03-09,2008,20081,20081,200803,200809,3,9,日
2008-03-10,2008,20081,20081,200803,200810,3,10,月
2008-03-11,2008,20081,20081,200803,200810,3,11,火
2008-03-12,2008,20081,20081,200803,200810,3,12,水
2008-03-13,2008,20081,20081,200803,200810,3,13,木
2008-03-14,2008,20081,20081,200803,200810,3,14,金
2008-03-15,2008,20081,20081,200803,200810,3,15,土
2008-03-16,2008,20081,20081,200803,200810,3,16,日
2008-03-17,2008,20081,20081,200803,200811,3,17,月
2008-03-18,2008,20081,20081,200803,200811,3,18,火
2008-03-19,2008,20081,20081,200803,200811,3,19,水
2008-03-20,2008,20081,20081,200803,200811,3,20,木
2008-03-21,2008,20081,20081,200803,200811,3,21,金
2008-03-22,2008,20081,20081,200803,200811,3,22,土
2008-03-23,2008,20081,20081,200803,200811,3,23,日
2008-03-24,2008,20081,20081,200803,200812,3,24,月
2008-03-25,2008,20081,20081,200803,200812,3,25,火
2008-03-26,2008,20081,20081,200803,200812,3,26,水
2008-03-27,2008,20081,20081,200803,200812,3,27,木
2008-03-28,2008,20081,20081,200803,200812,3,28,金
2008-03-29,2008,20081,20081,200803,200812,3,29,土
2008-03-30,2008,20081,20081,200803,200812,3,30,日
2008-03-31,2008,20081,20081,200803,200813,3,31,月
2008-04-01,2008,20081,20081,200804,200813,4,1,火
2008-04-02,2008,20081,20081,200804,200813,4,2,水
2008-04-03,2008,20081,20081,200804,200813,4,3,木
2008-04-04,2008,20081,20081,200804,200813,4,4,金
2008-04-05,2008,20081,20081,200804,200813,4,5,土
2008-04-06,2008,20081,20081,200804,200813,4,6,日
2008-04-07,2008,20081,20081,200804,200814,4,7,月
2008-04-08,2008,20081,20081,200804,200814,4,8,火
2008-04-09,2008,20081,20081,200804,200814,4,9,水
2008-04-10,2008,20081,20081,200804,200814,4,10,木
2008-04-11,2008,20081,20081,200804,200814,4,11,金
2008-04-12,2008,20081,20081,200804,200814,4,12,土
2008-04-13,2008,20081,20081,200804,200814,4,13,日
2008-04-14,2008,20081,20081,200804,200815,4,14,月
2008-04-15,2008,20081,20081,200804,200815,4,15,火
2008-04-16,2008,20081,20081,200804,200815,4,16,水
2008-04-17,2008,20081,20081,200804,200815,4,17,木
2008-04-18,2008,20081,20081,200804,200815,4,18,金
2008-04-19,2008,20081,20081,200804,200815,4,19,土
2008-04-20,2008,20081,20081,200804,200815,4,20,日
2008-04-21,2008,20081,20081,200804,200816,4,21,月
2008-04-22,2008,20081,20081,200804,200816,4,22,火
2008-04-23,2008,20081,20081,200804,200816,4,23,水
2008-04-24,2008,20081,20081,200804,200816,4,24,木
2008-04-25,2008,20081,20081,200804,200816,4,25,金
2008-04-26,2008,20081,20081,200804,200816,4,26,土
2008-04-27,2008,20081,20081,200804,200816,4,27,日
2008-04-28,2008,20081,20081,200804,200817,4,28,月
2008-04-29,2008,20081,20081,200804,200817,4,29,火
2008-04-30,2008,20081,20081,200804,200817,4,30,水
2008-05-01,2008,20081,20081,200805,200817,5,1,木
2008-05-02,2008,20081,20081,200805,200817,5,2,金
2008-05-03,2008,20081,20081,200805,200817,5,3,土
2008-05-04,2008,20081,20081,200805,200817,5,4,日
2008-05-05,2008,20081,20081,200805,200818,5,5,月
2008-05-06,2008,20081,20081,200805,200818,5,6,火
2008-05-07,2008,20081,20081,200805,200818,5,7,水
2008-05-08,2008,20081,20081,200805,200818,5,8,木
2008-05-09,2008,20081,20081,200805,200818,5,9,金
2008-05-10,2008,20081,20081,200805,200818,5,10,土
2008-05-11,2008,20081,20081,200805,200818,5,11,日
2008-05-12,2008,20081,20081,200805,200819,5,12,月
2008-05-13,2008,20081,20081,200805,200819,5,13,火
2008-05-14,2008,20081,20081,200805,200819,5,14,水
2008-05-15,2008,20081,20081,200805,200819,5,15,木
2008-05-16,2008,20081,20081,200805,200819,5,16,金
2008-05-17,2008,20081,20081,200805,200819,5,17,土
2008-05-18,2008,20081,20081,200805,200819,5,18,日
2008-05-19,2008,20081,20081,200805,200820,5,19,月
2008-05-20,2008,20081,20081,200805,200820,5,20,火
2008-05-21,2008,20081,20081,200805,200820,5,21,水
2008-05-22,2008,20081,20081,200805,200820,5,22,木
2008-05-23,2008,20081,20081,200805,200820,5,23,金
2008-05-24,2008,20081,20081,200805,200820,5,24,土
2008-05-25,2008,20081,20081,200805,200820,5,25,日
2008-05-26,2008,20081,20081,200805,200821,5,26,月
2008-05-27,2008,20081,20081,200805,200821,5,27,火
2008-05-28,2008,20081,20081,200805,200821,5,28,水
2008-05-29,2008,20081,20081,200805,200821,5,29,木
2008-05-30,2008,20081,20081,200805,200821,5,30,金
2008-05-31,2008,20081,20081,200805,200821,5,31,土
2008-06-01,2008,20082,20081,200806,200821,6,1,日
2008-06-02,2008,20082,20081,200806,200822,6,2,月
2008-06-03,2008,20082,20081,200806,200822,6,3,火
2008-06-04,2008,20082,20081,200806,200822,6,4,水
2008-06-05,2008,20082,20081,200806,200822,6,5,木
2008-06-06,2008,20082,20081,200806,200822,6,6,金
2008-06-07,2008,20082,20081,200806,200822,6,7,土
2008-06-08,2008,20082,20081,200806,200822,6,8,日
2008-06-09,2008,20082,20081,200806,200823,6,9,月
2008-06-10,2008,20082,20081,200806,200823,6,10,火
2008-06-11,2008,20082,20081,200806,200823,6,11,水
2008-06-12,2008,20082,20081,200806,200823,6,12,木
2008-06-13,2008,20082,20081,200806,200823,6,13,金
2008-06-14,2008,20082,20081,200806,200823,6,14,土
2008-06-15,2008,20082,20081,200806,200823,6,15,日
2008-06-16,2008,20082,20081,200806,200824,6,16,月
2008-06-17,2008,20082,20081,200806,200824,6,17,火
2008-06-18,2008,20082,20081,200806,200824,6,18,水
2008-06-19,2008,20082,20081,200806,200824,6,19,木
2008-06-20,2008,20082,20081,200806,200824,6,20,金
2008-06-21,2008,20082,20081,200806,200824,6,21,土
2008-06-22,2008,20082,20081,200806,200824,6,22,日
2008-06-23,2008,20082,20081,200806,200825,6,23,月
2008-06-24,2008,20082,20081,200806,200825,6,24,火
2008-06-25,2008,20082,20081,200806,200825,6,25,水
2008-06-26,2008,20082,20081,200806,200825,6,26,木
2008-06-27,2008,20082,20081,200806,200825,6,27,金
2008-06-28,2008,20082,20081,200806,200825,6,28,土
2008-06-29,2008,20082,20081,200806,200825,6,29,日
2008-06-30,2008,20082,20081,200806,200826,6,30,月
2008-07-01,2008,20082,20081,200807,200826,7,1,火
2008-07-02,2008,20082,20081,200807,200826,7,2,水
2008-07-03,2008,20082,20081,200807,200826,7,3,木
2008-07-04,2008,20082,20081,200807,200826,7,4,金
2008-07-05,2008,20082,20081,200807,200826,7,5,土
2008-07-06,2008,20082,20081,200807,200826,7,6,日
2008-07-07,2008,20082,20081,200807,200827,7,7,月
2008-07-08,2008,20082,20081,200807,200827,7,8,火
2008-07-09,2008,20082,20081,200807,200827,7,9,水
2008-07-10,2008,20082,20081,200807,200827,7,10,木
2008-07-11,2008,20082,20081,200807,200827,7,11,金
2008-07-12,2008,20082,20081,200807,200827,7,12,土
2008-07-13,2008,20082,20081,200807,200827,7,13,日
2008-07-14,2008,20082,20081,200807,200828,7,14,月
2008-07-15,2008,20082,20081,200807,200828,7,15,火
2008-07-16,2008,20082,20081,200807,200828,7,16,水
2008-07-17,2008,20082,20081,200807,200828,7,17,木
2008-07-18,2008,20082,20081,200807,200828,7,18,金
2008-07-19,2008,20082,20081,200807,200828,7,19,土
2008-07-20,2008,20082,20081,200807,200828,7,20,日
2008-07-21,2008,20082,20081,200807,200829,7,21,月
2008-07-22,2008,20082,20081,200807,200829,7,22,火
2008-07-23,2008,20082,20081,200807,200829,7,23,水
2008-07-24,2008,20082,20081,200807,200829,7,24,木
2008-07-25,2008,20082,20081,200807,200829,7,25,金
2008-07-26,2008,20082,20081,200807,200829,7,26,土
2008-07-27,2008,20082,20081,200807,200829,7,27,日
2008-07-28,2008,20082,20081,200807,200830,7,28,月
2008-07-29,2008,20082,20081,200807,200830,7,29,火
2008-07-30,2008,20082,20081,200807,200830,7,30,水
2008-07-31,2008,20082,20081,200807,200830,7,31,木
2008-08-01,2008,20082,20081,200808,200830,8,1,金
2008-08-02,2008,20082,20081,200808,200830,8,2,土
2008-08-03,2008,20082,20081,200808,200830,8,3,日
2008-08-04,2008,20082,20081,200808,200831,8,4,月
2008-08-05,2008,20082,20081,200808,200831,8,5,火
2008-08-06,2008,20082,20081,200808,200831,8,6,水
2008-08-07,2008,20082,20081,200808,200831,8,7,木
2008-08-08,2008,20082,20081,200808,200831,8,8,金
2008-08-09,2008,20082,20081,200808,200831,8,9,土
2008-08-10,2008,20082,20081,200808,200831,8,10,日
2008-08-11,2008,20082,20081,200808,200832,8,11,月
2008-08-12,2008,20082,20081,200808,200832,8,12,火
2008-08-13,2008,20082,20081,200808,200832,8,13,水
2008-08-14,2008,20082,20081,200808,200832,8,14,木
2008-08-15,2008,20082,20081,200808,200832,8,15,金
2008-08-16,2008,20082,20081,200808,200832,8,16,土
2008-08-17,2008,20082,20081,200808,200832,8,17,日
2008-08-18,2008,20082,20081,200808,200833,8,18,月
2008-08-19,2008,20082,20081,200808,200833,8,19,火
2008-08-20,2008,20082,20081,200808,200833,8,20,水
2008-08-21,2008,20082,20081,200808,200833,8,21,木
2008-08-22,2008,20082,20081,200808,200833,8,22,金
2008-08-23,2008,20082,20081,200808,200833,8,23,土
2008-08-24,2008,20082,20081,200808,200833,8,24,日
2008-08-25,2008,20082,20081,200808,200834,8,25,月
2008-08-26,2008,20082,20081,200808,200834,8,26,火
2008-08-27,2008,20082,20081,200808,200834,8,27,水
2008-08-28,2008,20082,20081,200808,200834,8,28,木
2008-08-29,2008,20082,20081,200808,200834,8,29,金
2008-08-30,2008,20082,20081,200808,200834,8,30,土
2008-08-31,2008,20082,20081,200808,200834,8,31,日
2008-09-01,2008,20083,20082,200809,200835,9,1,月
2008-09-02,2008,20083,20082,200809,200835,9,2,火
2008-09-03,2008,20083,20082,200809,200835,9,3,水
2008-09-04,2008,20083,20082,200809,200835,9,4,木
2008-09-05,2008,20083,20082,200809,200835,9,5,金
2008-09-06,2008,20083,20082,200809,200835,9,6,土
2008-09-07,2008,20083,20082,200809,200835,9,7,日
2008-09-08,2008,20083,20082,200809,200836,9,8,月
2008-09-09,2008,20083,20082,200809,200836,9,9,火
2008-09-10,2008,20083,20082,200809,200836,9,10,水
2008-09-11,2008,20083,20082,200809,200836,9,11,木
2008-09-12,2008,20083,20082,200809,200836,9,12,金
2008-09-13,2008,20083,20082,200809,200836,9,13,土
2008-09-14,2008,20083,20082,200809,200836,9,14,日
2008-09-15,2008,20083,20082,200809,200837,9,15,月
2008-09-16,2008,20083,20082,200809,200837,9,16,火
2008-09-17,2008,20083,20082,200809,200837,9,17,水
2008-09-18,2008,20083,20082,200809,200837,9,18,木
2008-09-19,2008,20083,20082,200809,200837,9,19,金
2008-09-20,2008,20083,20082,200809,200837,9,20,土
2008-09-21,2008,20083,20082,200809,200837,9,21,日
2008-09-22,2008,20083,20082,200809,200838,9,22,月
2008-09-23,2008,20083,20082,200809,200838,9,23,火
2008-09-24,2008,20083,20082,200809,200838,9,24,水
2008-09-25,2008,20083,20082,200809,200838,9,25,木
2008-09-26,2008,20083,20082,200809,200838,9,26,金
2008-09-27,2008,20083,20082,200809,200838,9,27,土
2008-09-28,2008,20083,20082,200809,200838,9,28,日
2008-09-29,2008,20083,20082,200809,200839,9,29,月
2008-09-30,2008,20083,20082,200809,200839,9,30,火
2008-10-01,2008,20083,20082,200810,200839,10,1,水
2008-10-02,2008,20083,20082,200810,200839,10,2,木
2008-10-03,2008,20083,20082,200810,200839,10,3,金
2008-10-04,2008,20083,20082,200810,200839,10,4,土
2008-10-05,2008,20083,20082,200810,200839,10,5,日
2008-10-06,2008,20083,20082,200810,200840,10,6,月
2008-10-07,2008,20083,20082,200810,200840,10,7,火
2008-10-08,2008,20083,20082,200810,200840,10,8,水
2008-10-09,2008,20083,20082,200810,200840,10,9,木
2008-10-10,2008,20083,20082,200810,200840,10,10,金
2008-10-11,2008,20083,20082,200810,200840,10,11,土
2008-10-12,2008,20083,20082,200810,200840,10,12,日
2008-10-13,2008,20083,20082,200810,200841,10,13,月
2008-10-14,2008,20083,20082,200810,200841,10,14,火
2008-10-15,2008,20083,20082,200810,200841,10,15,水
2008-10-16,2008,20083,20082,200810,200841,10,16,木
2008-10-17,2008,20083,20082,200810,200841,10,17,金
2008-10-18,2008,20083,20082,200810,200841,10,18,土
2008-10-19,2008,20083,20082,200810,200841,10,19,日
2008-10-20,2008,20083,20082,200810,200842,10,20,月
2008-10-21,2008,20083,20082,200810,200842,10,21,火
2008-10-22,2008,20083,20082,200810,200842,10,22,水
2008-10-23,2008,20083,20082,200810,200842,10,23,木
2008-10-24,2008,20083,20082,200810,200842,10,24,金
2008-10-25,2008,20083,20082,200810,200842,10,25,土
2008-10-26,2008,20083,20082,200810,200842,10,26,日
2008-10-27,2008,20083,20082,200810,200843,10,27,月
2008-10-28,2008,20083,20082,200810,200843,10,28,火
2008-10-29,2008,20083,20082,200810,200843,10,29,水
2008-10-30,2008,20083,20082,200810,200843,10,30,木
2008-10-31,2008,20083,20082,200810,200843,10,31,金
2008-11-01,2008,20083,20082,200811,200843,11,1,土
2008-11-02,2008,20083,20082,200811,200843,11,2,日
2008-11-03,2008,20083,20082,200811,200844,11,3,月
2008-11-04,2008,20083,20082,200811,200844,11,4,火
2008-11-05,2008,20083,20082,200811,200844,11,5,水
2008-11-06,2008,20083,20082,200811,200844,11,6,木
2008-11-07,2008,20083,20082,200811,200844,11,7,金
2008-11-08,2008,20083,20082,200811,200844,11,8,土
2008-11-09,2008,20083,20082,200811,200844,11,9,日
2008-11-10,2008,20083,20082,200811,200845,11,10,月
2008-11-11,2008,20083,20082,200811,200845,11,11,火
2008-11-12,2008,20083,20082,200811,200845,11,12,水
2008-11-13,2008,20083,20082,200811,200845,11,13,木
2008-11-14,2008,20083,20082,200811,200845,11,14,金
2008-11-15,2008,20083,20082,200811,200845,11,15,土
2008-11-16,2008,20083,20082,200811,200845,11,16,日
2008-11-17,2008,20083,20082,200811,200846,11,17,月
2008-11-18,2008,20083,20082,200811,200846,11,18,火
2008-11-19,2008,20083,20082,200811,200846,11,19,水
2008-11-20,2008,20083,20082,200811,200846,11,20,木
2008-11-21,2008,20083,20082,200811,200846,11,21,金
2008-11-22,2008,20083,20082,200811,200846,11,22,土
2008-11-23,2008,20083,20082,200811,200846,11,23,日
2008-11-24,2008,20083,20082,200811,200847,11,24,月
2008-11-25,2008,20083,20082,200811,200847,11,25,火
2008-11-26,2008,20083,20082,200811,200847,11,26,水
2008-11-27,2008,20083,20082,200811,200847,11,27,木
2008-11-28,2008,20083,20082,200811,200847,11,28,金
2008-11-29,2008,20083,20082,200811,200847,11,29,土
2008-11-30,2008,20083,20082,200811,200847,11,30,日
2008-12-01,2008,20084,20082,200812,200848,12,1,月
2008-12-02,2008,20084,20082,200812,200848,12,2,火
2008-12-03,2008,20084,20082,200812,200848,12,3,水
2008-12-04,2008,20084,20082,200812,200848,12,4,木
2008-12-05,2008,20084,20082,200812,200848,12,5,金
2008-12-06,2008,20084,20082,200812,200848,12,6,土
2008-12-07,2008,20084,20082,200812,200848,12,7,日
2008-12-08,2008,20084,20082,200812,200849,12,8,月
2008-12-09,2008,20084,20082,200812,200849,12,9,火
2008-12-10,2008,20084,20082,200812,200849,12,10,水
2008-12-11,2008,20084,20082,200812,200849,12,11,木
2008-12-12,2008,20084,20082,200812,200849,12,12,金
2008-12-13,2008,20084,20082,200812,200849,12,13,土
2008-12-14,2008,20084,20082,200812,200849,12,14,日
2008-12-15,2008,20084,20082,200812,200850,12,15,月
2008-12-16,2008,20084,20082,200812,200850,12,16,火
2008-12-17,2008,20084,20082,200812,200850,12,17,水
2008-12-18,2008,20084,20082,200812,200850,12,18,木
2008-12-19,2008,20084,20082,200812,200850,12,19,金
2008-12-20,2008,20084,20082,200812,200850,12,20,土
2008-12-21,2008,20084,20082,200812,200850,12,21,日
2008-12-22,2008,20084,20082,200812,200851,12,22,月
2008-12-23,2008,20084,20082,200812,200851,12,23,火
2008-12-24,2008,20084,20082,200812,200851,12,24,水
2008-12-25,2008,20084,20082,200812,200851,12,25,木
2008-12-26,2008,20084,20082,200812,200851,12,26,金
2008-12-27,2008,20084,20082,200812,200851,12,27,土
2008-12-28,2008,20084,20082,200812,200851,12,28,日
2008-12-29,2008,20084,20082,200812,200852,12,29,月
2008-12-30,2008,20084,20082,200812,200852,12,30,火
2008-12-31,2008,20084,20082,200812,200852,12,31,水
2009-01-01,2009,20084,20082,200901,200852,1,1,木
2009-01-02,2009,20084,20082,200901,200852,1,2,金
2009-01-03,2009,20084,20082,200901,200852,1,3,土
2009-01-04,2009,20084,20082,200901,200852,1,4,日
2009-01-05,2009,20084,20082,200901,200901,1,5,月
2009-01-06,2009,20084,20082,200901,200901,1,6,火
2009-01-07,2009,20084,20082,200901,200901,1,7,水
2009-01-08,2009,20084,20082,200901,200901,1,8,木
2009-01-09,2009,20084,20082,200901,200901,1,9,金
2009-01-10,2009,20084,20082,200901,200901,1,10,土
2009-01-11,2009,20084,20082,200901,200901,1,11,日
2009-01-12,2009,20084,20082,200901,200902,1,12,月
2009-01-13,2009,20084,20082,200901,200902,1,13,火
2009-01-14,2009,20084,20082,200901,200902,1,14,水
2009-01-15,2009,20084,20082,200901,200902,1,15,木
2009-01-16,2009,20084,20082,200901,200902,1,16,金
2009-01-17,2009,20084,20082,200901,200902,1,17,土
2009-01-18,2009,20084,20082,200901,200902,1,18,日
2009-01-19,2009,20084,20082,200901,200903,1,19,月
2009-01-20,2009,20084,20082,200901,200903,1,20,火
2009-01-21,2009,20084,20082,200901,200903,1,21,水
2009-01-22,2009,20084,20082,200901,200903,1,22,木
2009-01-23,2009,20084,20082,200901,200903,1,23,金
2009-01-24,2009,20084,20082,200901,200903,1,24,土
2009-01-25,2009,20084,20082,200901,200903,1,25,日
2009-01-26,2009,20084,20082,200901,200904,1,26,月
2009-01-27,2009,20084,20082,200901,200904,1,27,火
2009-01-28,2009,20084,20082,200901,200904,1,28,水
2009-01-29,2009,20084,20082,200901,200904,1,29,木
2009-01-30,2009,20084,20082,200901,200904,1,30,金
2009-01-31,2009,20084,20082,200901,200904,1,31,土
2009-02-01,2009,20084,20082,200902,200904,2,1,日
2009-02-02,2009,20084,20082,200902,200905,2,2,月
2009-02-03,2009,20084,20082,200902,200905,2,3,火
2009-02-04,2009,20084,20082,200902,200905,2,4,水
2009-02-05,2009,20084,20082,200902,200905,2,5,木
2009-02-06,2009,20084,20082,200902,200905,2,6,金
2009-02-07,2009,20084,20082,200902,200905,2,7,土
2009-02-08,2009,20084,20082,200902,200905,2,8,日
2009-02-09,2009,20084,20082,200902,200906,2,9,月
2009-02-10,2009,20084,20082,200902,200906,2,10,火
2009-02-11,2009,20084,20082,200902,200906,2,11,水
2009-02-12,2009,20084,20082,200902,200906,2,12,木
2009-02-13,2009,20084,20082,200902,200906,2,13,金
2009-02-14,2009,20084,20082,200902,200906,2,14,土
2009-02-15,2009,20084,20082,200902,200906,2,15,日
2009-02-16,2009,20084,20082,200902,200907,2,16,月
2009-02-17,2009,20084,20082,200902,200907,2,17,火
2009-02-18,2009,20084,20082,200902,200907,2,18,水
2009-02-19,2009,20084,20082,200902,200907,2,19,木
2009-02-20,2009,20084,20082,200902,200907,2,20,金
2009-02-21,2009,20084,20082,200902,200907,2,21,土
2009-02-22,2009,20084,20082,200902,200907,2,22,日
2009-02-23,2009,20084,20082,200902,200908,2,23,月
2009-02-24,2009,20084,20082,200902,200908,2,24,火
2009-02-25,2009,20084,20082,200902,200908,2,25,水
2009-02-26,2009,20084,20082,200902,200908,2,26,木
2009-02-27,2009,20084,20082,200902,200908,2,27,金
2009-02-28,2009,20084,20082,200902,200908,2,28,土
2009-03-01,2009,20091,20091,200903,200908,3,1,日
2009-03-02,2009,20091,20091,200903,200909,3,2,月
2009-03-03,2009,20091,20091,200903,200909,3,3,火
2009-03-04,2009,20091,20091,200903,200909,3,4,水
2009-03-05,2009,20091,20091,200903,200909,3,5,木
2009-03-06,2009,20091,20091,200903,200909,3,6,金
2009-03-07,2009,20091,20091,200903,200909,3,7,土
2009-03-08,2009,20091,20091,200903,200909,3,8,日
2009-03-09,2009,20091,20091,200903,200910,3,9,月
2009-03-10,2009,20091,20091,200903,200910,3,10,火
2009-03-11,2009,20091,20091,200903,200910,3,11,水
2009-03-12,2009,20091,20091,200903,200910,3,12,木
2009-03-13,2009,20091,20091,200903,200910,3,13,金
2009-03-14,2009,20091,20091,200903,200910,3,14,土
2009-03-15,2009,20091,20091,200903,200910,3,15,日
2009-03-16,2009,20091,20091,200903,200911,3,16,月
2009-03-17,2009,20091,20091,200903,200911,3,17,火
2009-03-18,2009,20091,20091,200903,200911,3,18,水
2009-03-19,2009,20091,20091,200903,200911,3,19,木
2009-03-20,2009,20091,20091,200903,200911,3,20,金
2009-03-21,2009,20091,20091,200903,200911,3,21,土
2009-03-22,2009,20091,20091,200903,200911,3,22,日
2009-03-23,2009,20091,20091,200903,200912,3,23,月
2009-03-24,2009,20091,20091,200903,200912,3,24,火
2009-03-25,2009,20091,20091,200903,200912,3,25,水
2009-03-26,2009,20091,20091,200903,200912,3,26,木
2009-03-27,2009,20091,20091,200903,200912,3,27,金
2009-03-28,2009,20091,20091,200903,200912,3,28,土
2009-03-29,2009,20091,20091,200903,200912,3,29,日
2009-03-30,2009,20091,20091,200903,200913,3,30,月
2009-03-31,2009,20091,20091,200903,200913,3,31,火
2009-04-01,2009,20091,20091,200904,200913,4,1,水
2009-04-02,2009,20091,20091,200904,200913,4,2,木
2009-04-03,2009,20091,20091,200904,200913,4,3,金
2009-04-04,2009,20091,20091,200904,200913,4,4,土
2009-04-05,2009,20091,20091,200904,200913,4,5,日
2009-04-06,2009,20091,20091,200904,200914,4,6,月
2009-04-07,2009,20091,20091,200904,200914,4,7,火
2009-04-08,2009,20091,20091,200904,200914,4,8,水
2009-04-09,2009,20091,20091,200904,200914,4,9,木
2009-04-10,2009,20091,20091,200904,200914,4,10,金
2009-04-11,2009,20091,20091,200904,200914,4,11,土
2009-04-12,2009,20091,20091,200904,200914,4,12,日
2009-04-13,2009,20091,20091,200904,200915,4,13,月
2009-04-14,2009,20091,20091,200904,200915,4,14,火
2009-04-15,2009,20091,20091,200904,200915,4,15,水
2009-04-16,2009,20091,20091,200904,200915,4,16,木
2009-04-17,2009,20091,20091,200904,200915,4,17,金
2009-04-18,2009,20091,20091,200904,200915,4,18,土
2009-04-19,2009,20091,20091,200904,200915,4,19,日
2009-04-20,2009,20091,20091,200904,200916,4,20,月
2009-04-21,2009,20091,20091,200904,200916,4,21,火
2009-04-22,2009,20091,20091,200904,200916,4,22,水
2009-04-23,2009,20091,20091,200904,200916,4,23,木
2009-04-24,2009,20091,20091,200904,200916,4,24,金
2009-04-25,2009,20091,20091,200904,200916,4,25,土
2009-04-26,2009,20091,20091,200904,200916,4,26,日
2009-04-27,2009,20091,20091,200904,200917,4,27,月
2009-04-28,2009,20091,20091,200904,200917,4,28,火
2009-04-29,2009,20091,20091,200904,200917,4,29,水
2009-04-30,2009,20091,20091,200904,200917,4,30,木
2009-05-01,2009,20091,20091,200905,200917,5,1,金
2009-05-02,2009,20091,20091,200905,200917,5,2,土
2009-05-03,2009,20091,20091,200905,200917,5,3,日
2009-05-04,2009,20091,20091,200905,200918,5,4,月
2009-05-05,2009,20091,20091,200905,200918,5,5,火
2009-05-06,2009,20091,20091,200905,200918,5,6,水
2009-05-07,2009,20091,20091,200905,200918,5,7,木
2009-05-08,2009,20091,20091,200905,200918,5,8,金
2009-05-09,2009,20091,20091,200905,200918,5,9,土
2009-05-10,2009,20091,20091,200905,200918,5,10,日
2009-05-11,2009,20091,20091,200905,200919,5,11,月
2009-05-12,2009,20091,20091,200905,200919,5,12,火
2009-05-13,2009,20091,20091,200905,200919,5,13,水
2009-05-14,2009,20091,20091,200905,200919,5,14,木
2009-05-15,2009,20091,20091,200905,200919,5,15,金
2009-05-16,2009,20091,20091,200905,200919,5,16,土
2009-05-17,2009,20091,20091,200905,200919,5,17,日
2009-05-18,2009,20091,20091,200905,200920,5,18,月
2009-05-19,2009,20091,20091,200905,200920,5,19,火
2009-05-20,2009,20091,20091,200905,200920,5,20,水
2009-05-21,2009,20091,20091,200905,200920,5,21,木
2009-05-22,2009,20091,20091,200905,200920,5,22,金
2009-05-23,2009,20091,20091,200905,200920,5,23,土
2009-05-24,2009,20091,20091,200905,200920,5,24,日
2009-05-25,2009,20091,20091,200905,200921,5,25,月
2009-05-26,2009,20091,20091,200905,200921,5,26,火
2009-05-27,2009,20091,20091,200905,200921,5,27,水
2009-05-28,2009,20091,20091,200905,200921,5,28,木
2009-05-29,2009,20091,20091,200905,200921,5,29,金
2009-05-30,2009,20091,20091,200905,200921,5,30,土
2009-05-31,2009,20091,20091,200905,200921,5,31,日
2009-06-01,2009,20092,20091,200906,200922,6,1,月
2009-06-02,2009,20092,20091,200906,200922,6,2,火
2009-06-03,2009,20092,20091,200906,200922,6,3,水
2009-06-04,2009,20092,20091,200906,200922,6,4,木
2009-06-05,2009,20092,20091,200906,200922,6,5,金
2009-06-06,2009,20092,20091,200906,200922,6,6,土
2009-06-07,2009,20092,20091,200906,200922,6,7,日
2009-06-08,2009,20092,20091,200906,200923,6,8,月
2009-06-09,2009,20092,20091,200906,200923,6,9,火
2009-06-10,2009,20092,20091,200906,200923,6,10,水
2009-06-11,2009,20092,20091,200906,200923,6,11,木
2009-06-12,2009,20092,20091,200906,200923,6,12,金
2009-06-13,2009,20092,20091,200906,200923,6,13,土
2009-06-14,2009,20092,20091,200906,200923,6,14,日
2009-06-15,2009,20092,20091,200906,200924,6,15,月
2009-06-16,2009,20092,20091,200906,200924,6,16,火
2009-06-17,2009,20092,20091,200906,200924,6,17,水
2009-06-18,2009,20092,20091,200906,200924,6,18,木
2009-06-19,2009,20092,20091,200906,200924,6,19,金
2009-06-20,2009,20092,20091,200906,200924,6,20,土
2009-06-21,2009,20092,20091,200906,200924,6,21,日
2009-06-22,2009,20092,20091,200906,200925,6,22,月
2009-06-23,2009,20092,20091,200906,200925,6,23,火
2009-06-24,2009,20092,20091,200906,200925,6,24,水
2009-06-25,2009,20092,20091,200906,200925,6,25,木
2009-06-26,2009,20092,20091,200906,200925,6,26,金
2009-06-27,2009,20092,20091,200906,200925,6,27,土
2009-06-28,2009,20092,20091,200906,200925,6,28,日
2009-06-29,2009,20092,20091,200906,200926,6,29,月
2009-06-30,2009,20092,20091,200906,200926,6,30,火
2009-07-01,2009,20092,20091,200907,200926,7,1,水
2009-07-02,2009,20092,20091,200907,200926,7,2,木
2009-07-03,2009,20092,20091,200907,200926,7,3,金
2009-07-04,2009,20092,20091,200907,200926,7,4,土
2009-07-05,2009,20092,20091,200907,200926,7,5,日
2009-07-06,2009,20092,20091,200907,200927,7,6,月
2009-07-07,2009,20092,20091,200907,200927,7,7,火
2009-07-08,2009,20092,20091,200907,200927,7,8,水
2009-07-09,2009,20092,20091,200907,200927,7,9,木
2009-07-10,2009,20092,20091,200907,200927,7,10,金
2009-07-11,2009,20092,20091,200907,200927,7,11,土
2009-07-12,2009,20092,20091,200907,200927,7,12,日
2009-07-13,2009,20092,20091,200907,200928,7,13,月
2009-07-14,2009,20092,20091,200907,200928,7,14,火
2009-07-15,2009,20092,20091,200907,200928,7,15,水
2009-07-16,2009,20092,20091,200907,200928,7,16,木
2009-07-17,2009,20092,20091,200907,200928,7,17,金
2009-07-18,2009,20092,20091,200907,200928,7,18,土
2009-07-19,2009,20092,20091,200907,200928,7,19,日
2009-07-20,2009,20092,20091,200907,200929,7,20,月
2009-07-21,2009,20092,20091,200907,200929,7,21,火
2009-07-22,2009,20092,20091,200907,200929,7,22,水
2009-07-23,2009,20092,20091,200907,200929,7,23,木
2009-07-24,2009,20092,20091,200907,200929,7,24,金
2009-07-25,2009,20092,20091,200907,200929,7,25,土
2009-07-26,2009,20092,20091,200907,200929,7,26,日
2009-07-27,2009,20092,20091,200907,200930,7,27,月
2009-07-28,2009,20092,20091,200907,200930,7,28,火
2009-07-29,2009,20092,20091,200907,200930,7,29,水
2009-07-30,2009,20092,20091,200907,200930,7,30,木
2009-07-31,2009,20092,20091,200907,200930,7,31,金
2009-08-01,2009,20092,20091,200908,200930,8,1,土
2009-08-02,2009,20092,20091,200908,200930,8,2,日
2009-08-03,2009,20092,20091,200908,200931,8,3,月
2009-08-04,2009,20092,20091,200908,200931,8,4,火
2009-08-05,2009,20092,20091,200908,200931,8,5,水
2009-08-06,2009,20092,20091,200908,200931,8,6,木
2009-08-07,2009,20092,20091,200908,200931,8,7,金
2009-08-08,2009,20092,20091,200908,200931,8,8,土
2009-08-09,2009,20092,20091,200908,200931,8,9,日
2009-08-10,2009,20092,20091,200908,200932,8,10,月
2009-08-11,2009,20092,20091,200908,200932,8,11,火
2009-08-12,2009,20092,20091,200908,200932,8,12,水
2009-08-13,2009,20092,20091,200908,200932,8,13,木
2009-08-14,2009,20092,20091,200908,200932,8,14,金
2009-08-15,2009,20092,20091,200908,200932,8,15,土
2009-08-16,2009,20092,20091,200908,200932,8,16,日
2009-08-17,2009,20092,20091,200908,200933,8,17,月
2009-08-18,2009,20092,20091,200908,200933,8,18,火
2009-08-19,2009,20092,20091,200908,200933,8,19,水
2009-08-20,2009,20092,20091,200908,200933,8,20,木
2009-08-21,2009,20092,20091,200908,200933,8,21,金
2009-08-22,2009,20092,20091,200908,200933,8,22,土
2009-08-23,2009,20092,20091,200908,200933,8,23,日
2009-08-24,2009,20092,20091,200908,200934,8,24,月
2009-08-25,2009,20092,20091,200908,200934,8,25,火
2009-08-26,2009,20092,20091,200908,200934,8,26,水
2009-08-27,2009,20092,20091,200908,200934,8,27,木
2009-08-28,2009,20092,20091,200908,200934,8,28,金
2009-08-29,2009,20092,20091,200908,200934,8,29,土
2009-08-30,2009,20092,20091,200908,200934,8,30,日
2009-08-31,2009,20092,20091,200908,200935,8,31,月
2009-09-01,2009,20093,20092,200909,200935,9,1,火
2009-09-02,2009,20093,20092,200909,200935,9,2,水
2009-09-03,2009,20093,20092,200909,200935,9,3,木
2009-09-04,2009,20093,20092,200909,200935,9,4,金
2009-09-05,2009,20093,20092,200909,200935,9,5,土
2009-09-06,2009,20093,20092,200909,200935,9,6,日
2009-09-07,2009,20093,20092,200909,200936,9,7,月
2009-09-08,2009,20093,20092,200909,200936,9,8,火
2009-09-09,2009,20093,20092,200909,200936,9,9,水
2009-09-10,2009,20093,20092,200909,200936,9,10,木
2009-09-11,2009,20093,20092,200909,200936,9,11,金
2009-09-12,2009,20093,20092,200909,200936,9,12,土
2009-09-13,2009,20093,20092,200909,200936,9,13,日
2009-09-14,2009,20093,20092,200909,200937,9,14,月
2009-09-15,2009,20093,20092,200909,200937,9,15,火
2009-09-16,2009,20093,20092,200909,200937,9,16,水
2009-09-17,2009,20093,20092,200909,200937,9,17,木
2009-09-18,2009,20093,20092,200909,200937,9,18,金
2009-09-19,2009,20093,20092,200909,200937,9,19,土
2009-09-20,2009,20093,20092,200909,200937,9,20,日
2009-09-21,2009,20093,20092,200909,200938,9,21,月
2009-09-22,2009,20093,20092,200909,200938,9,22,火
2009-09-23,2009,20093,20092,200909,200938,9,23,水
2009-09-24,2009,20093,20092,200909,200938,9,24,木
2009-09-25,2009,20093,20092,200909,200938,9,25,金
2009-09-26,2009,20093,20092,200909,200938,9,26,土
2009-09-27,2009,20093,20092,200909,200938,9,27,日
2009-09-28,2009,20093,20092,200909,200939,9,28,月
2009-09-29,2009,20093,20092,200909,200939,9,29,火
2009-09-30,2009,20093,20092,200909,200939,9,30,水
2009-10-01,2009,20093,20092,200910,200939,10,1,木
2009-10-02,2009,20093,20092,200910,200939,10,2,金
2009-10-03,2009,20093,20092,200910,200939,10,3,土
2009-10-04,2009,20093,20092,200910,200939,10,4,日
2009-10-05,2009,20093,20092,200910,200940,10,5,月
2009-10-06,2009,20093,20092,200910,200940,10,6,火
2009-10-07,2009,20093,20092,200910,200940,10,7,水
2009-10-08,2009,20093,20092,200910,200940,10,8,木
2009-10-09,2009,20093,20092,200910,200940,10,9,金
2009-10-10,2009,20093,20092,200910,200940,10,10,土
2009-10-11,2009,20093,20092,200910,200940,10,11,日
2009-10-12,2009,20093,20092,200910,200941,10,12,月
2009-10-13,2009,20093,20092,200910,200941,10,13,火
2009-10-14,2009,20093,20092,200910,200941,10,14,水
2009-10-15,2009,20093,20092,200910,200941,10,15,木
2009-10-16,2009,20093,20092,200910,200941,10,16,金
2009-10-17,2009,20093,20092,200910,200941,10,17,土
2009-10-18,2009,20093,20092,200910,200941,10,18,日
2009-10-19,2009,20093,20092,200910,200942,10,19,月
2009-10-20,2009,20093,20092,200910,200942,10,20,火
2009-10-21,2009,20093,20092,200910,200942,10,21,水
2009-10-22,2009,20093,20092,200910,200942,10,22,木
2009-10-23,2009,20093,20092,200910,200942,10,23,金
2009-10-24,2009,20093,20092,200910,200942,10,24,土
2009-10-25,2009,20093,20092,200910,200942,10,25,日
2009-10-26,2009,20093,20092,200910,200943,10,26,月
2009-10-27,2009,20093,20092,200910,200943,10,27,火
2009-10-28,2009,20093,20092,200910,200943,10,28,水
2009-10-29,2009,20093,20092,200910,200943,10,29,木
2009-10-30,2009,20093,20092,200910,200943,10,30,金
2009-10-31,2009,20093,20092,200910,200943,10,31,土
2009-11-01,2009,20093,20092,200911,200943,11,1,日
2009-11-02,2009,20093,20092,200911,200944,11,2,月
2009-11-03,2009,20093,20092,200911,200944,11,3,火
2009-11-04,2009,20093,20092,200911,200944,11,4,水
2009-11-05,2009,20093,20092,200911,200944,11,5,木
2009-11-06,2009,20093,20092,200911,200944,11,6,金
2009-11-07,2009,20093,20092,200911,200944,11,7,土
2009-11-08,2009,20093,20092,200911,200944,11,8,日
2009-11-09,2009,20093,20092,200911,200945,11,9,月
2009-11-10,2009,20093,20092,200911,200945,11,10,火
2009-11-11,2009,20093,20092,200911,200945,11,11,水
2009-11-12,2009,20093,20092,200911,200945,11,12,木
2009-11-13,2009,20093,20092,200911,200945,11,13,金
2009-11-14,2009,20093,20092,200911,200945,11,14,土
2009-11-15,2009,20093,20092,200911,200945,11,15,日
2009-11-16,2009,20093,20092,200911,200946,11,16,月
2009-11-17,2009,20093,20092,200911,200946,11,17,火
2009-11-18,2009,20093,20092,200911,200946,11,18,水
2009-11-19,2009,20093,20092,200911,200946,11,19,木
2009-11-20,2009,20093,20092,200911,200946,11,20,金
2009-11-21,2009,20093,20092,200911,200946,11,21,土
2009-11-22,2009,20093,20092,200911,200946,11,22,日
2009-11-23,2009,20093,20092,200911,200947,11,23,月
2009-11-24,2009,20093,20092,200911,200947,11,24,火
2009-11-25,2009,20093,20092,200911,200947,11,25,水
2009-11-26,2009,20093,20092,200911,200947,11,26,木
2009-11-27,2009,20093,20092,200911,200947,11,27,金
2009-11-28,2009,20093,20092,200911,200947,11,28,土
2009-11-29,2009,20093,20092,200911,200947,11,29,日
2009-11-30,2009,20093,20092,200911,200948,11,30,月
2009-12-01,2009,20094,20092,200912,200948,12,1,火
2009-12-02,2009,20094,20092,200912,200948,12,2,水
2009-12-03,2009,20094,20092,200912,200948,12,3,木
2009-12-04,2009,20094,20092,200912,200948,12,4,金
2009-12-05,2009,20094,20092,200912,200948,12,5,土
2009-12-06,2009,20094,20092,200912,200948,12,6,日
2009-12-07,2009,20094,20092,200912,200949,12,7,月
2009-12-08,2009,20094,20092,200912,200949,12,8,火
2009-12-09,2009,20094,20092,200912,200949,12,9,水
2009-12-10,2009,20094,20092,200912,200949,12,10,木
2009-12-11,2009,20094,20092,200912,200949,12,11,金
2009-12-12,2009,20094,20092,200912,200949,12,12,土
2009-12-13,2009,20094,20092,200912,200949,12,13,日
2009-12-14,2009,20094,20092,200912,200950,12,14,月
2009-12-15,2009,20094,20092,200912,200950,12,15,火
2009-12-16,2009,20094,20092,200912,200950,12,16,水
2009-12-17,2009,20094,20092,200912,200950,12,17,木
2009-12-18,2009,20094,20092,200912,200950,12,18,金
2009-12-19,2009,20094,20092,200912,200950,12,19,土
2009-12-20,2009,20094,20092,200912,200950,12,20,日
2009-12-21,2009,20094,20092,200912,200951,12,21,月
2009-12-22,2009,20094,20092,200912,200951,12,22,火
2009-12-23,2009,20094,20092,200912,200951,12,23,水
2009-12-24,2009,20094,20092,200912,200951,12,24,木
2009-12-25,2009,20094,20092,200912,200951,12,25,金
2009-12-26,2009,20094,20092,200912,200951,12,26,土
2009-12-27,2009,20094,20092,200912,200951,12,27,日
2009-12-28,2009,20094,20092,200912,200952,12,28,月
2009-12-29,2009,20094,20092,200912,200952,12,29,火
2009-12-30,2009,20094,20092,200912,200952,12,30,水
2009-12-31,2009,20094,20092,200912,200952,12,31,木
2010-01-01,2010,20094,20092,201001,200952,1,1,金
2010-01-02,2010,20094,20092,201001,200952,1,2,土
2010-01-03,2010,20094,20092,201001,200952,1,3,日
2010-01-04,2010,20094,20092,201001,201001,1,4,月
2010-01-05,2010,20094,20092,201001,201001,1,5,火
2010-01-06,2010,20094,20092,201001,201001,1,6,水
2010-01-07,2010,20094,20092,201001,201001,1,7,木
2010-01-08,2010,20094,20092,201001,201001,1,8,金
2010-01-09,2010,20094,20092,201001,201001,1,9,土
2010-01-10,2010,20094,20092,201001,201001,1,10,日
2010-01-11,2010,20094,20092,201001,201002,1,11,月
2010-01-12,2010,20094,20092,201001,201002,1,12,火
2010-01-13,2010,20094,20092,201001,201002,1,13,水
2010-01-14,2010,20094,20092,201001,201002,1,14,木
2010-01-15,2010,20094,20092,201001,201002,1,15,金
2010-01-16,2010,20094,20092,201001,201002,1,16,土
2010-01-17,2010,20094,20092,201001,201002,1,17,日
2010-01-18,2010,20094,20092,201001,201003,1,18,月
2010-01-19,2010,20094,20092,201001,201003,1,19,火
2010-01-20,2010,20094,20092,201001,201003,1,20,水
2010-01-21,2010,20094,20092,201001,201003,1,21,木
2010-01-22,2010,20094,20092,201001,201003,1,22,金
2010-01-23,2010,20094,20092,201001,201003,1,23,土
2010-01-24,2010,20094,20092,201001,201003,1,24,日
2010-01-25,2010,20094,20092,201001,201004,1,25,月
2010-01-26,2010,20094,20092,201001,201004,1,26,火
2010-01-27,2010,20094,20092,201001,201004,1,27,水
2010-01-28,2010,20094,20092,201001,201004,1,28,木
2010-01-29,2010,20094,20092,201001,201004,1,29,金
2010-01-30,2010,20094,20092,201001,201004,1,30,土
2010-01-31,2010,20094,20092,201001,201004,1,31,日
2010-02-01,2010,20094,20092,201002,201005,2,1,月
2010-02-02,2010,20094,20092,201002,201005,2,2,火
2010-02-03,2010,20094,20092,201002,201005,2,3,水
2010-02-04,2010,20094,20092,201002,201005,2,4,木
2010-02-05,2010,20094,20092,201002,201005,2,5,金
2010-02-06,2010,20094,20092,201002,201005,2,6,土
2010-02-07,2010,20094,20092,201002,201005,2,7,日
2010-02-08,2010,20094,20092,201002,201006,2,8,月
2010-02-09,2010,20094,20092,201002,201006,2,9,火
2010-02-10,2010,20094,20092,201002,201006,2,10,水
2010-02-11,2010,20094,20092,201002,201006,2,11,木
2010-02-12,2010,20094,20092,201002,201006,2,12,金
2010-02-13,2010,20094,20092,201002,201006,2,13,土
2010-02-14,2010,20094,20092,201002,201006,2,14,日
2010-02-15,2010,20094,20092,201002,201007,2,15,月
2010-02-16,2010,20094,20092,201002,201007,2,16,火
2010-02-17,2010,20094,20092,201002,201007,2,17,水
2010-02-18,2010,20094,20092,201002,201007,2,18,木
2010-02-19,2010,20094,20092,201002,201007,2,19,金
2010-02-20,2010,20094,20092,201002,201007,2,20,土
2010-02-21,2010,20094,20092,201002,201007,2,21,日
2010-02-22,2010,20094,20092,201002,201008,2,22,月
2010-02-23,2010,20094,20092,201002,201008,2,23,火
2010-02-24,2010,20094,20092,201002,201008,2,24,水
2010-02-25,2010,20094,20092,201002,201008,2,25,木
2010-02-26,2010,20094,20092,201002,201008,2,26,金
2010-02-27,2010,20094,20092,201002,201008,2,27,土
2010-02-28,2010,20094,20092,201002,201008,2,28,日
2010-03-01,2010,20101,20101,201003,201009,3,1,月
2010-03-02,2010,20101,20101,201003,201009,3,2,火
2010-03-03,2010,20101,20101,201003,201009,3,3,水
2010-03-04,2010,20101,20101,201003,201009,3,4,木
2010-03-05,2010,20101,20101,201003,201009,3,5,金
2010-03-06,2010,20101,20101,201003,201009,3,6,土
2010-03-07,2010,20101,20101,201003,201009,3,7,日
2010-03-08,2010,20101,20101,201003,201010,3,8,月
2010-03-09,2010,20101,20101,201003,201010,3,9,火
2010-03-10,2010,20101,20101,201003,201010,3,10,水
2010-03-11,2010,20101,20101,201003,201010,3,11,木
2010-03-12,2010,20101,20101,201003,201010,3,12,金
2010-03-13,2010,20101,20101,201003,201010,3,13,土
2010-03-14,2010,20101,20101,201003,201010,3,14,日
2010-03-15,2010,20101,20101,201003,201011,3,15,月
2010-03-16,2010,20101,20101,201003,201011,3,16,火
2010-03-17,2010,20101,20101,201003,201011,3,17,水
2010-03-18,2010,20101,20101,201003,201011,3,18,木
2010-03-19,2010,20101,20101,201003,201011,3,19,金
2010-03-20,2010,20101,20101,201003,201011,3,20,土
2010-03-21,2010,20101,20101,201003,201011,3,21,日
2010-03-22,2010,20101,20101,201003,201012,3,22,月
2010-03-23,2010,20101,20101,201003,201012,3,23,火
2010-03-24,2010,20101,20101,201003,201012,3,24,水
2010-03-25,2010,20101,20101,201003,201012,3,25,木
2010-03-26,2010,20101,20101,201003,201012,3,26,金
2010-03-27,2010,20101,20101,201003,201012,3,27,土
2010-03-28,2010,20101,20101,201003,201012,3,28,日
2010-03-29,2010,20101,20101,201003,201013,3,29,月
2010-03-30,2010,20101,20101,201003,201013,3,30,火
2010-03-31,2010,20101,20101,201003,201013,3,31,水
2010-04-01,2010,20101,20101,201004,201013,4,1,木
2010-04-02,2010,20101,20101,201004,201013,4,2,金
2010-04-03,2010,20101,20101,201004,201013,4,3,土
2010-04-04,2010,20101,20101,201004,201013,4,4,日
2010-04-05,2010,20101,20101,201004,201014,4,5,月
2010-04-06,2010,20101,20101,201004,201014,4,6,火
2010-04-07,2010,20101,20101,201004,201014,4,7,水
2010-04-08,2010,20101,20101,201004,201014,4,8,木
2010-04-09,2010,20101,20101,201004,201014,4,9,金
2010-04-10,2010,20101,20101,201004,201014,4,10,土
2010-04-11,2010,20101,20101,201004,201014,4,11,日
2010-04-12,2010,20101,20101,201004,201015,4,12,月
2010-04-13,2010,20101,20101,201004,201015,4,13,火
2010-04-14,2010,20101,20101,201004,201015,4,14,水
2010-04-15,2010,20101,20101,201004,201015,4,15,木
2010-04-16,2010,20101,20101,201004,201015,4,16,金
2010-04-17,2010,20101,20101,201004,201015,4,17,土
2010-04-18,2010,20101,20101,201004,201015,4,18,日
2010-04-19,2010,20101,20101,201004,201016,4,19,月
2010-04-20,2010,20101,20101,201004,201016,4,20,火
2010-04-21,2010,20101,20101,201004,201016,4,21,水
2010-04-22,2010,20101,20101,201004,201016,4,22,木
2010-04-23,2010,20101,20101,201004,201016,4,23,金
2010-04-24,2010,20101,20101,201004,201016,4,24,土
2010-04-25,2010,20101,20101,201004,201016,4,25,日
2010-04-26,2010,20101,20101,201004,201017,4,26,月
2010-04-27,2010,20101,20101,201004,201017,4,27,火
2010-04-28,2010,20101,20101,201004,201017,4,28,水
2010-04-29,2010,20101,20101,201004,201017,4,29,木
2010-04-30,2010,20101,20101,201004,201017,4,30,金
2010-05-01,2010,20101,20101,201005,201017,5,1,土
2010-05-02,2010,20101,20101,201005,201017,5,2,日
2010-05-03,2010,20101,20101,201005,201018,5,3,月
2010-05-04,2010,20101,20101,201005,201018,5,4,火
2010-05-05,2010,20101,20101,201005,201018,5,5,水
2010-05-06,2010,20101,20101,201005,201018,5,6,木
2010-05-07,2010,20101,20101,201005,201018,5,7,金
2010-05-08,2010,20101,20101,201005,201018,5,8,土
2010-05-09,2010,20101,20101,201005,201018,5,9,日
2010-05-10,2010,20101,20101,201005,201019,5,10,月
2010-05-11,2010,20101,20101,201005,201019,5,11,火
2010-05-12,2010,20101,20101,201005,201019,5,12,水
2010-05-13,2010,20101,20101,201005,201019,5,13,木
2010-05-14,2010,20101,20101,201005,201019,5,14,金
2010-05-15,2010,20101,20101,201005,201019,5,15,土
2010-05-16,2010,20101,20101,201005,201019,5,16,日
2010-05-17,2010,20101,20101,201005,201020,5,17,月
2010-05-18,2010,20101,20101,201005,201020,5,18,火
2010-05-19,2010,20101,20101,201005,201020,5,19,水
2010-05-20,2010,20101,20101,201005,201020,5,20,木
2010-05-21,2010,20101,20101,201005,201020,5,21,金
2010-05-22,2010,20101,20101,201005,201020,5,22,土
2010-05-23,2010,20101,20101,201005,201020,5,23,日
2010-05-24,2010,20101,20101,201005,201021,5,24,月
2010-05-25,2010,20101,20101,201005,201021,5,25,火
2010-05-26,2010,20101,20101,201005,201021,5,26,水
2010-05-27,2010,20101,20101,201005,201021,5,27,木
2010-05-28,2010,20101,20101,201005,201021,5,28,金
2010-05-29,2010,20101,20101,201005,201021,5,29,土
2010-05-30,2010,20101,20101,201005,201021,5,30,日
2010-05-31,2010,20101,20101,201005,201022,5,31,月
2010-06-01,2010,20102,20101,201006,201022,6,1,火
2010-06-02,2010,20102,20101,201006,201022,6,2,水
2010-06-03,2010,20102,20101,201006,201022,6,3,木
2010-06-04,2010,20102,20101,201006,201022,6,4,金
2010-06-05,2010,20102,20101,201006,201022,6,5,土
2010-06-06,2010,20102,20101,201006,201022,6,6,日
2010-06-07,2010,20102,20101,201006,201023,6,7,月
2010-06-08,2010,20102,20101,201006,201023,6,8,火
2010-06-09,2010,20102,20101,201006,201023,6,9,水
2010-06-10,2010,20102,20101,201006,201023,6,10,木
2010-06-11,2010,20102,20101,201006,201023,6,11,金
2010-06-12,2010,20102,20101,201006,201023,6,12,土
2010-06-13,2010,20102,20101,201006,201023,6,13,日
2010-06-14,2010,20102,20101,201006,201024,6,14,月
2010-06-15,2010,20102,20101,201006,201024,6,15,火
2010-06-16,2010,20102,20101,201006,201024,6,16,水
2010-06-17,2010,20102,20101,201006,201024,6,17,木
2010-06-18,2010,20102,20101,201006,201024,6,18,金
2010-06-19,2010,20102,20101,201006,201024,6,19,土
2010-06-20,2010,20102,20101,201006,201024,6,20,日
2010-06-21,2010,20102,20101,201006,201025,6,21,月
2010-06-22,2010,20102,20101,201006,201025,6,22,火
2010-06-23,2010,20102,20101,201006,201025,6,23,水
2010-06-24,2010,20102,20101,201006,201025,6,24,木
2010-06-25,2010,20102,20101,201006,201025,6,25,金
2010-06-26,2010,20102,20101,201006,201025,6,26,土
2010-06-27,2010,20102,20101,201006,201025,6,27,日
2010-06-28,2010,20102,20101,201006,201026,6,28,月
2010-06-29,2010,20102,20101,201006,201026,6,29,火
2010-06-30,2010,20102,20101,201006,201026,6,30,水
2010-07-01,2010,20102,20101,201007,201026,7,1,木
2010-07-02,2010,20102,20101,201007,201026,7,2,金
2010-07-03,2010,20102,20101,201007,201026,7,3,土
2010-07-04,2010,20102,20101,201007,201026,7,4,日
2010-07-05,2010,20102,20101,201007,201027,7,5,月
2010-07-06,2010,20102,20101,201007,201027,7,6,火
2010-07-07,2010,20102,20101,201007,201027,7,7,水
2010-07-08,2010,20102,20101,201007,201027,7,8,木
2010-07-09,2010,20102,20101,201007,201027,7,9,金
2010-07-10,2010,20102,20101,201007,201027,7,10,土
2010-07-11,2010,20102,20101,201007,201027,7,11,日
2010-07-12,2010,20102,20101,201007,201028,7,12,月
2010-07-13,2010,20102,20101,201007,201028,7,13,火
2010-07-14,2010,20102,20101,201007,201028,7,14,水
2010-07-15,2010,20102,20101,201007,201028,7,15,木
2010-07-16,2010,20102,20101,201007,201028,7,16,金
2010-07-17,2010,20102,20101,201007,201028,7,17,土
2010-07-18,2010,20102,20101,201007,201028,7,18,日
2010-07-19,2010,20102,20101,201007,201029,7,19,月
2010-07-20,2010,20102,20101,201007,201029,7,20,火
2010-07-21,2010,20102,20101,201007,201029,7,21,水
2010-07-22,2010,20102,20101,201007,201029,7,22,木
2010-07-23,2010,20102,20101,201007,201029,7,23,金
2010-07-24,2010,20102,20101,201007,201029,7,24,土
2010-07-25,2010,20102,20101,201007,201029,7,25,日
2010-07-26,2010,20102,20101,201007,201030,7,26,月
2010-07-27,2010,20102,20101,201007,201030,7,27,火
2010-07-28,2010,20102,20101,201007,201030,7,28,水
2010-07-29,2010,20102,20101,201007,201030,7,29,木
2010-07-30,2010,20102,20101,201007,201030,7,30,金
2010-07-31,2010,20102,20101,201007,201030,7,31,土
2010-08-01,2010,20102,20101,201008,201030,8,1,日
2010-08-02,2010,20102,20101,201008,201031,8,2,月
2010-08-03,2010,20102,20101,201008,201031,8,3,火
2010-08-04,2010,20102,20101,201008,201031,8,4,水
2010-08-05,2010,20102,20101,201008,201031,8,5,木
2010-08-06,2010,20102,20101,201008,201031,8,6,金
2010-08-07,2010,20102,20101,201008,201031,8,7,土
2010-08-08,2010,20102,20101,201008,201031,8,8,日
2010-08-09,2010,20102,20101,201008,201032,8,9,月
2010-08-10,2010,20102,20101,201008,201032,8,10,火
2010-08-11,2010,20102,20101,201008,201032,8,11,水
2010-08-12,2010,20102,20101,201008,201032,8,12,木
2010-08-13,2010,20102,20101,201008,201032,8,13,金
2010-08-14,2010,20102,20101,201008,201032,8,14,土
2010-08-15,2010,20102,20101,201008,201032,8,15,日
2010-08-16,2010,20102,20101,201008,201033,8,16,月
2010-08-17,2010,20102,20101,201008,201033,8,17,火
2010-08-18,2010,20102,20101,201008,201033,8,18,水
2010-08-19,2010,20102,20101,201008,201033,8,19,木
2010-08-20,2010,20102,20101,201008,201033,8,20,金
2010-08-21,2010,20102,20101,201008,201033,8,21,土
2010-08-22,2010,20102,20101,201008,201033,8,22,日
2010-08-23,2010,20102,20101,201008,201034,8,23,月
2010-08-24,2010,20102,20101,201008,201034,8,24,火
2010-08-25,2010,20102,20101,201008,201034,8,25,水
2010-08-26,2010,20102,20101,201008,201034,8,26,木
2010-08-27,2010,20102,20101,201008,201034,8,27,金
2010-08-28,2010,20102,20101,201008,201034,8,28,土
2010-08-29,2010,20102,20101,201008,201034,8,29,日
2010-08-30,2010,20102,20101,201008,201035,8,30,月
2010-08-31,2010,20102,20101,201008,201035,8,31,火
2010-09-01,2010,20103,20102,201009,201035,9,1,水
2010-09-02,2010,20103,20102,201009,201035,9,2,木
2010-09-03,2010,20103,20102,201009,201035,9,3,金
2010-09-04,2010,20103,20102,201009,201035,9,4,土
2010-09-05,2010,20103,20102,201009,201035,9,5,日
2010-09-06,2010,20103,20102,201009,201036,9,6,月
2010-09-07,2010,20103,20102,201009,201036,9,7,火
2010-09-08,2010,20103,20102,201009,201036,9,8,水
2010-09-09,2010,20103,20102,201009,201036,9,9,木
2010-09-10,2010,20103,20102,201009,201036,9,10,金
2010-09-11,2010,20103,20102,201009,201036,9,11,土
2010-09-12,2010,20103,20102,201009,201036,9,12,日
2010-09-13,2010,20103,20102,201009,201037,9,13,月
2010-09-14,2010,20103,20102,201009,201037,9,14,火
2010-09-15,2010,20103,20102,201009,201037,9,15,水
2010-09-16,2010,20103,20102,201009,201037,9,16,木
2010-09-17,2010,20103,20102,201009,201037,9,17,金
2010-09-18,2010,20103,20102,201009,201037,9,18,土
2010-09-19,2010,20103,20102,201009,201037,9,19,日
2010-09-20,2010,20103,20102,201009,201038,9,20,月
2010-09-21,2010,20103,20102,201009,201038,9,21,火
2010-09-22,2010,20103,20102,201009,201038,9,22,水
2010-09-23,2010,20103,20102,201009,201038,9,23,木
2010-09-24,2010,20103,20102,201009,201038,9,24,金
2010-09-25,2010,20103,20102,201009,201038,9,25,土
2010-09-26,2010,20103,20102,201009,201038,9,26,日
2010-09-27,2010,20103,20102,201009,201039,9,27,月
2010-09-28,2010,20103,20102,201009,201039,9,28,火
2010-09-29,2010,20103,20102,201009,201039,9,29,水
2010-09-30,2010,20103,20102,201009,201039,9,30,木
2010-10-01,2010,20103,20102,201010,201039,10,1,金
2010-10-02,2010,20103,20102,201010,201039,10,2,土
2010-10-03,2010,20103,20102,201010,201039,10,3,日
2010-10-04,2010,20103,20102,201010,201040,10,4,月
2010-10-05,2010,20103,20102,201010,201040,10,5,火
2010-10-06,2010,20103,20102,201010,201040,10,6,水
2010-10-07,2010,20103,20102,201010,201040,10,7,木
2010-10-08,2010,20103,20102,201010,201040,10,8,金
2010-10-09,2010,20103,20102,201010,201040,10,9,土
2010-10-10,2010,20103,20102,201010,201040,10,10,日
2010-10-11,2010,20103,20102,201010,201041,10,11,月
2010-10-12,2010,20103,20102,201010,201041,10,12,火
2010-10-13,2010,20103,20102,201010,201041,10,13,水
2010-10-14,2010,20103,20102,201010,201041,10,14,木
2010-10-15,2010,20103,20102,201010,201041,10,15,金
2010-10-16,2010,20103,20102,201010,201041,10,16,土
2010-10-17,2010,20103,20102,201010,201041,10,17,日
2010-10-18,2010,20103,20102,201010,201042,10,18,月
2010-10-19,2010,20103,20102,201010,201042,10,19,火
2010-10-20,2010,20103,20102,201010,201042,10,20,水
2010-10-21,2010,20103,20102,201010,201042,10,21,木
2010-10-22,2010,20103,20102,201010,201042,10,22,金
2010-10-23,2010,20103,20102,201010,201042,10,23,土
2010-10-24,2010,20103,20102,201010,201042,10,24,日
2010-10-25,2010,20103,20102,201010,201043,10,25,月
2010-10-26,2010,20103,20102,201010,201043,10,26,火
2010-10-27,2010,20103,20102,201010,201043,10,27,水
2010-10-28,2010,20103,20102,201010,201043,10,28,木
2010-10-29,2010,20103,20102,201010,201043,10,29,金
2010-10-30,2010,20103,20102,201010,201043,10,30,土
2010-10-31,2010,20103,20102,201010,201043,10,31,日
2010-11-01,2010,20103,20102,201011,201044,11,1,月
2010-11-02,2010,20103,20102,201011,201044,11,2,火
2010-11-03,2010,20103,20102,201011,201044,11,3,水
2010-11-04,2010,20103,20102,201011,201044,11,4,木
2010-11-05,2010,20103,20102,201011,201044,11,5,金
2010-11-06,2010,20103,20102,201011,201044,11,6,土
2010-11-07,2010,20103,20102,201011,201044,11,7,日
2010-11-08,2010,20103,20102,201011,201045,11,8,月
2010-11-09,2010,20103,20102,201011,201045,11,9,火
2010-11-10,2010,20103,20102,201011,201045,11,10,水
2010-11-11,2010,20103,20102,201011,201045,11,11,木
2010-11-12,2010,20103,20102,201011,201045,11,12,金
2010-11-13,2010,20103,20102,201011,201045,11,13,土
2010-11-14,2010,20103,20102,201011,201045,11,14,日
2010-11-15,2010,20103,20102,201011,201046,11,15,月
2010-11-16,2010,20103,20102,201011,201046,11,16,火
2010-11-17,2010,20103,20102,201011,201046,11,17,水
2010-11-18,2010,20103,20102,201011,201046,11,18,木
2010-11-19,2010,20103,20102,201011,201046,11,19,金
2010-11-20,2010,20103,20102,201011,201046,11,20,土
2010-11-21,2010,20103,20102,201011,201046,11,21,日
2010-11-22,2010,20103,20102,201011,201047,11,22,月
2010-11-23,2010,20103,20102,201011,201047,11,23,火
2010-11-24,2010,20103,20102,201011,201047,11,24,水
2010-11-25,2010,20103,20102,201011,201047,11,25,木
2010-11-26,2010,20103,20102,201011,201047,11,26,金
2010-11-27,2010,20103,20102,201011,201047,11,27,土
2010-11-28,2010,20103,20102,201011,201047,11,28,日
2010-11-29,2010,20103,20102,201011,201048,11,29,月
2010-11-30,2010,20103,20102,201011,201048,11,30,火
2010-12-01,2010,20104,20102,201012,201048,12,1,水
2010-12-02,2010,20104,20102,201012,201048,12,2,木
2010-12-03,2010,20104,20102,201012,201048,12,3,金
2010-12-04,2010,20104,20102,201012,201048,12,4,土
2010-12-05,2010,20104,20102,201012,201048,12,5,日
2010-12-06,2010,20104,20102,201012,201049,12,6,月
2010-12-07,2010,20104,20102,201012,201049,12,7,火
2010-12-08,2010,20104,20102,201012,201049,12,8,水
2010-12-09,2010,20104,20102,201012,201049,12,9,木
2010-12-10,2010,20104,20102,201012,201049,12,10,金
2010-12-11,2010,20104,20102,201012,201049,12,11,土
2010-12-12,2010,20104,20102,201012,201049,12,12,日
2010-12-13,2010,20104,20102,201012,201050,12,13,月
2010-12-14,2010,20104,20102,201012,201050,12,14,火
2010-12-15,2010,20104,20102,201012,201050,12,15,水
2010-12-16,2010,20104,20102,201012,201050,12,16,木
2010-12-17,2010,20104,20102,201012,201050,12,17,金
2010-12-18,2010,20104,20102,201012,201050,12,18,土
2010-12-19,2010,20104,20102,201012,201050,12,19,日
2010-12-20,2010,20104,20102,201012,201051,12,20,月
2010-12-21,2010,20104,20102,201012,201051,12,21,火
2010-12-22,2010,20104,20102,201012,201051,12,22,水
2010-12-23,2010,20104,20102,201012,201051,12,23,木
2010-12-24,2010,20104,20102,201012,201051,12,24,金
2010-12-25,2010,20104,20102,201012,201051,12,25,土
2010-12-26,2010,20104,20102,201012,201051,12,26,日
2010-12-27,2010,20104,20102,201012,201052,12,27,月
2010-12-28,2010,20104,20102,201012,201052,12,28,火
2010-12-29,2010,20104,20102,201012,201052,12,29,水
2010-12-30,2010,20104,20102,201012,201052,12,30,木
2010-12-31,2010,20104,20102,201012,201052,12,31,金
2011-01-01,2011,20104,20102,201101,201052,1,1,土
2011-01-02,2011,20104,20102,201101,201052,1,2,日
2011-01-03,2011,20104,20102,201101,201101,1,3,月
2011-01-04,2011,20104,20102,201101,201101,1,4,火
2011-01-05,2011,20104,20102,201101,201101,1,5,水
2011-01-06,2011,20104,20102,201101,201101,1,6,木
2011-01-07,2011,20104,20102,201101,201101,1,7,金
2011-01-08,2011,20104,20102,201101,201101,1,8,土
2011-01-09,2011,20104,20102,201101,201101,1,9,日
2011-01-10,2011,20104,20102,201101,201102,1,10,月
2011-01-11,2011,20104,20102,201101,201102,1,11,火
2011-01-12,2011,20104,20102,201101,201102,1,12,水
2011-01-13,2011,20104,20102,201101,201102,1,13,木
2011-01-14,2011,20104,20102,201101,201102,1,14,金
2011-01-15,2011,20104,20102,201101,201102,1,15,土
2011-01-16,2011,20104,20102,201101,201102,1,16,日
2011-01-17,2011,20104,20102,201101,201103,1,17,月
2011-01-18,2011,20104,20102,201101,201103,1,18,火
2011-01-19,2011,20104,20102,201101,201103,1,19,水
2011-01-20,2011,20104,20102,201101,201103,1,20,木
2011-01-21,2011,20104,20102,201101,201103,1,21,金
2011-01-22,2011,20104,20102,201101,201103,1,22,土
2011-01-23,2011,20104,20102,201101,201103,1,23,日
2011-01-24,2011,20104,20102,201101,201104,1,24,月
2011-01-25,2011,20104,20102,201101,201104,1,25,火
2011-01-26,2011,20104,20102,201101,201104,1,26,水
2011-01-27,2011,20104,20102,201101,201104,1,27,木
2011-01-28,2011,20104,20102,201101,201104,1,28,金
2011-01-29,2011,20104,20102,201101,201104,1,29,土
2011-01-30,2011,20104,20102,201101,201104,1,30,日
2011-01-31,2011,20104,20102,201101,201105,1,31,月
2011-02-01,2011,20104,20102,201102,201105,2,1,火
2011-02-02,2011,20104,20102,201102,201105,2,2,水
2011-02-03,2011,20104,20102,201102,201105,2,3,木
2011-02-04,2011,20104,20102,201102,201105,2,4,金
2011-02-05,2011,20104,20102,201102,201105,2,5,土
2011-02-06,2011,20104,20102,201102,201105,2,6,日
2011-02-07,2011,20104,20102,201102,201106,2,7,月
2011-02-08,2011,20104,20102,201102,201106,2,8,火
2011-02-09,2011,20104,20102,201102,201106,2,9,水
2011-02-10,2011,20104,20102,201102,201106,2,10,木
2011-02-11,2011,20104,20102,201102,201106,2,11,金
2011-02-12,2011,20104,20102,201102,201106,2,12,土
2011-02-13,2011,20104,20102,201102,201106,2,13,日
2011-02-14,2011,20104,20102,201102,201107,2,14,月
2011-02-15,2011,20104,20102,201102,201107,2,15,火
2011-02-16,2011,20104,20102,201102,201107,2,16,水
2011-02-17,2011,20104,20102,201102,201107,2,17,木
2011-02-18,2011,20104,20102,201102,201107,2,18,金
2011-02-19,2011,20104,20102,201102,201107,2,19,土
2011-02-20,2011,20104,20102,201102,201107,2,20,日
2011-02-21,2011,20104,20102,201102,201108,2,21,月
2011-02-22,2011,20104,20102,201102,201108,2,22,火
2011-02-23,2011,20104,20102,201102,201108,2,23,水
2011-02-24,2011,20104,20102,201102,201108,2,24,木
2011-02-25,2011,20104,20102,201102,201108,2,25,金
2011-02-26,2011,20104,20102,201102,201108,2,26,土
2011-02-27,2011,20104,20102,201102,201108,2,27,日
2011-02-28,2011,20104,20102,201102,201109,2,28,月
2011-03-01,2011,20111,20111,201103,201109,3,1,火
2011-03-02,2011,20111,20111,201103,201109,3,2,水
2011-03-03,2011,20111,20111,201103,201109,3,3,木
2011-03-04,2011,20111,20111,201103,201109,3,4,金
2011-03-05,2011,20111,20111,201103,201109,3,5,土
2011-03-06,2011,20111,20111,201103,201109,3,6,日
2011-03-07,2011,20111,20111,201103,201110,3,7,月
2011-03-08,2011,20111,20111,201103,201110,3,8,火
2011-03-09,2011,20111,20111,201103,201110,3,9,水
2011-03-10,2011,20111,20111,201103,201110,3,10,木
2011-03-11,2011,20111,20111,201103,201110,3,11,金
2011-03-12,2011,20111,20111,201103,201110,3,12,土
2011-03-13,2011,20111,20111,201103,201110,3,13,日
2011-03-14,2011,20111,20111,201103,201111,3,14,月
2011-03-15,2011,20111,20111,201103,201111,3,15,火
2011-03-16,2011,20111,20111,201103,201111,3,16,水
2011-03-17,2011,20111,20111,201103,201111,3,17,木
2011-03-18,2011,20111,20111,201103,201111,3,18,金
2011-03-19,2011,20111,20111,201103,201111,3,19,土
2011-03-20,2011,20111,20111,201103,201111,3,20,日
2011-03-21,2011,20111,20111,201103,201112,3,21,月
2011-03-22,2011,20111,20111,201103,201112,3,22,火
2011-03-23,2011,20111,20111,201103,201112,3,23,水
2011-03-24,2011,20111,20111,201103,201112,3,24,木
2011-03-25,2011,20111,20111,201103,201112,3,25,金
2011-03-26,2011,20111,20111,201103,201112,3,26,土
2011-03-27,2011,20111,20111,201103,201112,3,27,日
2011-03-28,2011,20111,20111,201103,201113,3,28,月
2011-03-29,2011,20111,20111,201103,201113,3,29,火
2011-03-30,2011,20111,20111,201103,201113,3,30,水
2011-03-31,2011,20111,20111,201103,201113,3,31,木
2011-04-01,2011,20111,20111,201104,201113,4,1,金
2011-04-02,2011,20111,20111,201104,201113,4,2,土
2011-04-03,2011,20111,20111,201104,201113,4,3,日
2011-04-04,2011,20111,20111,201104,201114,4,4,月
2011-04-05,2011,20111,20111,201104,201114,4,5,火
2011-04-06,2011,20111,20111,201104,201114,4,6,水
2011-04-07,2011,20111,20111,201104,201114,4,7,木
2011-04-08,2011,20111,20111,201104,201114,4,8,金
2011-04-09,2011,20111,20111,201104,201114,4,9,土
2011-04-10,2011,20111,20111,201104,201114,4,10,日
2011-04-11,2011,20111,20111,201104,201115,4,11,月
2011-04-12,2011,20111,20111,201104,201115,4,12,火
2011-04-13,2011,20111,20111,201104,201115,4,13,水
2011-04-14,2011,20111,20111,201104,201115,4,14,木
2011-04-15,2011,20111,20111,201104,201115,4,15,金
2011-04-16,2011,20111,20111,201104,201115,4,16,土
2011-04-17,2011,20111,20111,201104,201115,4,17,日
2011-04-18,2011,20111,20111,201104,201116,4,18,月
2011-04-19,2011,20111,20111,201104,201116,4,19,火
2011-04-20,2011,20111,20111,201104,201116,4,20,水
2011-04-21,2011,20111,20111,201104,201116,4,21,木
2011-04-22,2011,20111,20111,201104,201116,4,22,金
2011-04-23,2011,20111,20111,201104,201116,4,23,土
2011-04-24,2011,20111,20111,201104,201116,4,24,日
2011-04-25,2011,20111,20111,201104,201117,4,25,月
2011-04-26,2011,20111,20111,201104,201117,4,26,火
2011-04-27,2011,20111,20111,201104,201117,4,27,水
2011-04-28,2011,20111,20111,201104,201117,4,28,木
2011-04-29,2011,20111,20111,201104,201117,4,29,金
2011-04-30,2011,20111,20111,201104,201117,4,30,土
2011-05-01,2011,20111,20111,201105,201117,5,1,日
2011-05-02,2011,20111,20111,201105,201118,5,2,月
2011-05-03,2011,20111,20111,201105,201118,5,3,火
2011-05-04,2011,20111,20111,201105,201118,5,4,水
2011-05-05,2011,20111,20111,201105,201118,5,5,木
2011-05-06,2011,20111,20111,201105,201118,5,6,金
2011-05-07,2011,20111,20111,201105,201118,5,7,土
2011-05-08,2011,20111,20111,201105,201118,5,8,日
2011-05-09,2011,20111,20111,201105,201119,5,9,月
2011-05-10,2011,20111,20111,201105,201119,5,10,火
2011-05-11,2011,20111,20111,201105,201119,5,11,水
2011-05-12,2011,20111,20111,201105,201119,5,12,木
2011-05-13,2011,20111,20111,201105,201119,5,13,金
2011-05-14,2011,20111,20111,201105,201119,5,14,土
2011-05-15,2011,20111,20111,201105,201119,5,15,日
2011-05-16,2011,20111,20111,201105,201120,5,16,月
2011-05-17,2011,20111,20111,201105,201120,5,17,火
2011-05-18,2011,20111,20111,201105,201120,5,18,水
2011-05-19,2011,20111,20111,201105,201120,5,19,木
2011-05-20,2011,20111,20111,201105,201120,5,20,金
2011-05-21,2011,20111,20111,201105,201120,5,21,土
2011-05-22,2011,20111,20111,201105,201120,5,22,日
2011-05-23,2011,20111,20111,201105,201121,5,23,月
2011-05-24,2011,20111,20111,201105,201121,5,24,火
2011-05-25,2011,20111,20111,201105,201121,5,25,水
2011-05-26,2011,20111,20111,201105,201121,5,26,木
2011-05-27,2011,20111,20111,201105,201121,5,27,金
2011-05-28,2011,20111,20111,201105,201121,5,28,土
2011-05-29,2011,20111,20111,201105,201121,5,29,日
2011-05-30,2011,20111,20111,201105,201122,5,30,月
2011-05-31,2011,20111,20111,201105,201122,5,31,火
2011-06-01,2011,20112,20111,201106,201122,6,1,水
2011-06-02,2011,20112,20111,201106,201122,6,2,木
2011-06-03,2011,20112,20111,201106,201122,6,3,金
2011-06-04,2011,20112,20111,201106,201122,6,4,土
2011-06-05,2011,20112,20111,201106,201122,6,5,日
2011-06-06,2011,20112,20111,201106,201123,6,6,月
2011-06-07,2011,20112,20111,201106,201123,6,7,火
2011-06-08,2011,20112,20111,201106,201123,6,8,水
2011-06-09,2011,20112,20111,201106,201123,6,9,木
2011-06-10,2011,20112,20111,201106,201123,6,10,金
2011-06-11,2011,20112,20111,201106,201123,6,11,土
2011-06-12,2011,20112,20111,201106,201123,6,12,日
2011-06-13,2011,20112,20111,201106,201124,6,13,月
2011-06-14,2011,20112,20111,201106,201124,6,14,火
2011-06-15,2011,20112,20111,201106,201124,6,15,水
2011-06-16,2011,20112,20111,201106,201124,6,16,木
2011-06-17,2011,20112,20111,201106,201124,6,17,金
2011-06-18,2011,20112,20111,201106,201124,6,18,土
2011-06-19,2011,20112,20111,201106,201124,6,19,日
2011-06-20,2011,20112,20111,201106,201125,6,20,月
2011-06-21,2011,20112,20111,201106,201125,6,21,火
2011-06-22,2011,20112,20111,201106,201125,6,22,水
2011-06-23,2011,20112,20111,201106,201125,6,23,木
2011-06-24,2011,20112,20111,201106,201125,6,24,金
2011-06-25,2011,20112,20111,201106,201125,6,25,土
2011-06-26,2011,20112,20111,201106,201125,6,26,日
2011-06-27,2011,20112,20111,201106,201126,6,27,月
2011-06-28,2011,20112,20111,201106,201126,6,28,火
2011-06-29,2011,20112,20111,201106,201126,6,29,水
2011-06-30,2011,20112,20111,201106,201126,6,30,木
2011-07-01,2011,20112,20111,201107,201126,7,1,金
2011-07-02,2011,20112,20111,201107,201126,7,2,土
2011-07-03,2011,20112,20111,201107,201126,7,3,日
2011-07-04,2011,20112,20111,201107,201127,7,4,月
2011-07-05,2011,20112,20111,201107,201127,7,5,火
2011-07-06,2011,20112,20111,201107,201127,7,6,水
2011-07-07,2011,20112,20111,201107,201127,7,7,木
2011-07-08,2011,20112,20111,201107,201127,7,8,金
2011-07-09,2011,20112,20111,201107,201127,7,9,土
2011-07-10,2011,20112,20111,201107,201127,7,10,日
2011-07-11,2011,20112,20111,201107,201128,7,11,月
2011-07-12,2011,20112,20111,201107,201128,7,12,火
2011-07-13,2011,20112,20111,201107,201128,7,13,水
2011-07-14,2011,20112,20111,201107,201128,7,14,木
2011-07-15,2011,20112,20111,201107,201128,7,15,金
2011-07-16,2011,20112,20111,201107,201128,7,16,土
2011-07-17,2011,20112,20111,201107,201128,7,17,日
2011-07-18,2011,20112,20111,201107,201129,7,18,月
2011-07-19,2011,20112,20111,201107,201129,7,19,火
2011-07-20,2011,20112,20111,201107,201129,7,20,水
2011-07-21,2011,20112,20111,201107,201129,7,21,木
2011-07-22,2011,20112,20111,201107,201129,7,22,金
2011-07-23,2011,20112,20111,201107,201129,7,23,土
2011-07-24,2011,20112,20111,201107,201129,7,24,日
2011-07-25,2011,20112,20111,201107,201130,7,25,月
2011-07-26,2011,20112,20111,201107,201130,7,26,火
2011-07-27,2011,20112,20111,201107,201130,7,27,水
2011-07-28,2011,20112,20111,201107,201130,7,28,木
2011-07-29,2011,20112,20111,201107,201130,7,29,金
2011-07-30,2011,20112,20111,201107,201130,7,30,土
2011-07-31,2011,20112,20111,201107,201130,7,31,日
2011-08-01,2011,20112,20111,201108,201131,8,1,月
2011-08-02,2011,20112,20111,201108,201131,8,2,火
2011-08-03,2011,20112,20111,201108,201131,8,3,水
2011-08-04,2011,20112,20111,201108,201131,8,4,木
2011-08-05,2011,20112,20111,201108,201131,8,5,金
2011-08-06,2011,20112,20111,201108,201131,8,6,土
2011-08-07,2011,20112,20111,201108,201131,8,7,日
2011-08-08,2011,20112,20111,201108,201132,8,8,月
2011-08-09,2011,20112,20111,201108,201132,8,9,火
2011-08-10,2011,20112,20111,201108,201132,8,10,水
2011-08-11,2011,20112,20111,201108,201132,8,11,木
2011-08-12,2011,20112,20111,201108,201132,8,12,金
2011-08-13,2011,20112,20111,201108,201132,8,13,土
2011-08-14,2011,20112,20111,201108,201132,8,14,日
2011-08-15,2011,20112,20111,201108,201133,8,15,月
2011-08-16,2011,20112,20111,201108,201133,8,16,火
2011-08-17,2011,20112,20111,201108,201133,8,17,水
2011-08-18,2011,20112,20111,201108,201133,8,18,木
2011-08-19,2011,20112,20111,201108,201133,8,19,金
2011-08-20,2011,20112,20111,201108,201133,8,20,土
2011-08-21,2011,20112,20111,201108,201133,8,21,日
2011-08-22,2011,20112,20111,201108,201134,8,22,月
2011-08-23,2011,20112,20111,201108,201134,8,23,火
2011-08-24,2011,20112,20111,201108,201134,8,24,水
2011-08-25,2011,20112,20111,201108,201134,8,25,木
2011-08-26,2011,20112,20111,201108,201134,8,26,金
2011-08-27,2011,20112,20111,201108,201134,8,27,土
2011-08-28,2011,20112,20111,201108,201134,8,28,日
2011-08-29,2011,20112,20111,201108,201135,8,29,月
2011-08-30,2011,20112,20111,201108,201135,8,30,火
2011-08-31,2011,20112,20111,201108,201135,8,31,水
2011-09-01,2011,20113,20112,201109,201135,9,1,木
2011-09-02,2011,20113,20112,201109,201135,9,2,金
2011-09-03,2011,20113,20112,201109,201135,9,3,土
2011-09-04,2011,20113,20112,201109,201135,9,4,日
2011-09-05,2011,20113,20112,201109,201136,9,5,月
2011-09-06,2011,20113,20112,201109,201136,9,6,火
2011-09-07,2011,20113,20112,201109,201136,9,7,水
2011-09-08,2011,20113,20112,201109,201136,9,8,木
2011-09-09,2011,20113,20112,201109,201136,9,9,金
2011-09-10,2011,20113,20112,201109,201136,9,10,土
2011-09-11,2011,20113,20112,201109,201136,9,11,日
2011-09-12,2011,20113,20112,201109,201137,9,12,月
2011-09-13,2011,20113,20112,201109,201137,9,13,火
2011-09-14,2011,20113,20112,201109,201137,9,14,水
2011-09-15,2011,20113,20112,201109,201137,9,15,木
2011-09-16,2011,20113,20112,201109,201137,9,16,金
2011-09-17,2011,20113,20112,201109,201137,9,17,土
2011-09-18,2011,20113,20112,201109,201137,9,18,日
2011-09-19,2011,20113,20112,201109,201138,9,19,月
2011-09-20,2011,20113,20112,201109,201138,9,20,火
2011-09-21,2011,20113,20112,201109,201138,9,21,水
2011-09-22,2011,20113,20112,201109,201138,9,22,木
2011-09-23,2011,20113,20112,201109,201138,9,23,金
2011-09-24,2011,20113,20112,201109,201138,9,24,土
2011-09-25,2011,20113,20112,201109,201138,9,25,日
2011-09-26,2011,20113,20112,201109,201139,9,26,月
2011-09-27,2011,20113,20112,201109,201139,9,27,火
2011-09-28,2011,20113,20112,201109,201139,9,28,水
2011-09-29,2011,20113,20112,201109,201139,9,29,木
2011-09-30,2011,20113,20112,201109,201139,9,30,金
2011-10-01,2011,20113,20112,201110,201139,10,1,土
2011-10-02,2011,20113,20112,201110,201139,10,2,日
2011-10-03,2011,20113,20112,201110,201140,10,3,月
2011-10-04,2011,20113,20112,201110,201140,10,4,火
2011-10-05,2011,20113,20112,201110,201140,10,5,水
2011-10-06,2011,20113,20112,201110,201140,10,6,木
2011-10-07,2011,20113,20112,201110,201140,10,7,金
2011-10-08,2011,20113,20112,201110,201140,10,8,土
2011-10-09,2011,20113,20112,201110,201140,10,9,日
2011-10-10,2011,20113,20112,201110,201141,10,10,月
2011-10-11,2011,20113,20112,201110,201141,10,11,火
2011-10-12,2011,20113,20112,201110,201141,10,12,水
2011-10-13,2011,20113,20112,201110,201141,10,13,木
2011-10-14,2011,20113,20112,201110,201141,10,14,金
2011-10-15,2011,20113,20112,201110,201141,10,15,土
2011-10-16,2011,20113,20112,201110,201141,10,16,日
2011-10-17,2011,20113,20112,201110,201142,10,17,月
2011-10-18,2011,20113,20112,201110,201142,10,18,火
2011-10-19,2011,20113,20112,201110,201142,10,19,水
2011-10-20,2011,20113,20112,201110,201142,10,20,木
2011-10-21,2011,20113,20112,201110,201142,10,21,金
2011-10-22,2011,20113,20112,201110,201142,10,22,土
2011-10-23,2011,20113,20112,201110,201142,10,23,日
2011-10-24,2011,20113,20112,201110,201143,10,24,月
2011-10-25,2011,20113,20112,201110,201143,10,25,火
2011-10-26,2011,20113,20112,201110,201143,10,26,水
2011-10-27,2011,20113,20112,201110,201143,10,27,木
2011-10-28,2011,20113,20112,201110,201143,10,28,金
2011-10-29,2011,20113,20112,201110,201143,10,29,土
2011-10-30,2011,20113,20112,201110,201143,10,30,日
2011-10-31,2011,20113,20112,201110,201144,10,31,月
2011-11-01,2011,20113,20112,201111,201144,11,1,火
2011-11-02,2011,20113,20112,201111,201144,11,2,水
2011-11-03,2011,20113,20112,201111,201144,11,3,木
2011-11-04,2011,20113,20112,201111,201144,11,4,金
2011-11-05,2011,20113,20112,201111,201144,11,5,土
2011-11-06,2011,20113,20112,201111,201144,11,6,日
2011-11-07,2011,20113,20112,201111,201145,11,7,月
2011-11-08,2011,20113,20112,201111,201145,11,8,火
2011-11-09,2011,20113,20112,201111,201145,11,9,水
2011-11-10,2011,20113,20112,201111,201145,11,10,木
2011-11-11,2011,20113,20112,201111,201145,11,11,金
2011-11-12,2011,20113,20112,201111,201145,11,12,土
2011-11-13,2011,20113,20112,201111,201145,11,13,日
2011-11-14,2011,20113,20112,201111,201146,11,14,月
2011-11-15,2011,20113,20112,201111,201146,11,15,火
2011-11-16,2011,20113,20112,201111,201146,11,16,水
2011-11-17,2011,20113,20112,201111,201146,11,17,木
2011-11-18,2011,20113,20112,201111,201146,11,18,金
2011-11-19,2011,20113,20112,201111,201146,11,19,土
2011-11-20,2011,20113,20112,201111,201146,11,20,日
2011-11-21,2011,20113,20112,201111,201147,11,21,月
2011-11-22,2011,20113,20112,201111,201147,11,22,火
2011-11-23,2011,20113,20112,201111,201147,11,23,水
2011-11-24,2011,20113,20112,201111,201147,11,24,木
2011-11-25,2011,20113,20112,201111,201147,11,25,金
2011-11-26,2011,20113,20112,201111,201147,11,26,土
2011-11-27,2011,20113,20112,201111,201147,11,27,日
2011-11-28,2011,20113,20112,201111,201148,11,28,月
2011-11-29,2011,20113,20112,201111,201148,11,29,火
2011-11-30,2011,20113,20112,201111,201148,11,30,水
2011-12-01,2011,20114,20112,201112,201148,12,1,木
2011-12-02,2011,20114,20112,201112,201148,12,2,金
2011-12-03,2011,20114,20112,201112,201148,12,3,土
2011-12-04,2011,20114,20112,201112,201148,12,4,日
2011-12-05,2011,20114,20112,201112,201149,12,5,月
2011-12-06,2011,20114,20112,201112,201149,12,6,火
2011-12-07,2011,20114,20112,201112,201149,12,7,水
2011-12-08,2011,20114,20112,201112,201149,12,8,木
2011-12-09,2011,20114,20112,201112,201149,12,9,金
2011-12-10,2011,20114,20112,201112,201149,12,10,土
2011-12-11,2011,20114,20112,201112,201149,12,11,日
2011-12-12,2011,20114,20112,201112,201150,12,12,月
2011-12-13,2011,20114,20112,201112,201150,12,13,火
2011-12-14,2011,20114,20112,201112,201150,12,14,水
2011-12-15,2011,20114,20112,201112,201150,12,15,木
2011-12-16,2011,20114,20112,201112,201150,12,16,金
2011-12-17,2011,20114,20112,201112,201150,12,17,土
2011-12-18,2011,20114,20112,201112,201150,12,18,日
2011-12-19,2011,20114,20112,201112,201151,12,19,月
2011-12-20,2011,20114,20112,201112,201151,12,20,火
2011-12-21,2011,20114,20112,201112,201151,12,21,水
2011-12-22,2011,20114,20112,201112,201151,12,22,木
2011-12-23,2011,20114,20112,201112,201151,12,23,金
2011-12-24,2011,20114,20112,201112,201151,12,24,土
2011-12-25,2011,20114,20112,201112,201151,12,25,日
2011-12-26,2011,20114,20112,201112,201152,12,26,月
2011-12-27,2011,20114,20112,201112,201152,12,27,火
2011-12-28,2011,20114,20112,201112,201152,12,28,水
2011-12-29,2011,20114,20112,201112,201152,12,29,木
2011-12-30,2011,20114,20112,201112,201152,12,30,金
2011-12-31,2011,20114,20112,201112,201152,12,31,土
