sales_ymd,store_cd,product_cd,customer_id,receipt_no,receipt_sub_no,amount,quantity
2010-01-05,S14033,P070310002,ZZ000000000000,1192,2,195,1
2010-01-05,S14040,P050402003,ZZ000000000000,1132,2,480,1
2010-01-05,S14033,P050104001,ZZ000000000000,1142,2,115,1
2010-01-05,S14045,P070309009,ZZ000000000000,1152,1,198,1
2010-01-05,S14040,P070101106,CS040515000071,1122,2,258,1
2010-01-05,S14049,P071004002,ZZ000000000000,1112,2,102,1
2010-01-05,S14040,P040502004,CS040515000142,1112,2,298,1
2010-01-05,S14042,P050203001,CS042214000003,112,1,145,1
2010-01-05,S14047,P080202044,ZZ000000000000,1152,1,295,1
2010-01-05,S14047,P071401003,ZZ000000000000,1162,1,1100,1
2010-01-05,S14036,P059001001,ZZ000000000000,1192,1,238,1
2010-01-05,S14036,P090102002,ZZ000000000000,1162,1,68,1
2010-01-05,S14034,P071001110,CS034414000042,1172,1,328,1
2010-01-05,S14049,P050301020,ZZ000000000000,1162,2,158,1
2010-01-05,S14036,P071401003,ZZ000000000000,1182,2,1100,1
2010-01-05,S14040,P070702074,ZZ000000000000,1182,1,141,1
2010-01-05,S14034,P060802005,ZZ000000000000,1122,1,270,1
2010-01-05,S14033,P071401023,CS033515000184,1112,2,2400,1
2010-01-05,S14049,P071103007,ZZ000000000000,1112,1,180,1
2010-01-05,S14045,P060102041,ZZ000000000000,1112,2,100,1
2010-01-05,S14046,P080805004,CS046411000004,1122,1,98,1
2010-01-05,S14049,P071103007,ZZ000000000000,1122,1,180,1
2010-01-05,S14047,P071302008,ZZ000000000000,1122,1,400,1
2010-01-05,S14047,P070310001,ZZ000000000000,1182,2,130,1
2010-01-05,S14040,P050101008,CS040515000126,1102,2,168,1
2010-01-05,S14033,P071401004,CS033411000018,1152,2,1100,1
2010-01-05,S14042,P050305001,ZZ000000000000,1122,2,58,1
2010-01-05,S14033,P080101072,ZZ000000000000,1132,2,135,1
2010-01-05,S14042,P071103001,CS042411000002,1152,1,68,1
2010-01-05,S14036,P080503001,CS036515000113,1102,1,100,1
2010-01-05,S14033,P080603005,ZZ000000000000,1142,1,248,1
2010-01-05,S14042,P070401001,ZZ000000000000,1192,1,51,1
2010-01-05,S14047,P050601001,ZZ000000000000,112,1,138,1
2010-01-05,S14047,P070308036,ZZ000000000000,1172,2,418,1
2010-01-05,S14036,P060704001,ZZ000000000000,1152,2,198,1
2010-01-05,S14042,P060701003,ZZ000000000000,1172,1,100,1
2010-01-05,S14045,P040802002,ZZ000000000000,1182,2,100,1
2010-01-05,S14034,P071401005,CS034414000024,1192,2,1100,1
2010-01-05,S14033,P060403013,CS033214000009,112,2,248,1
2010-01-05,S14047,P080401001,ZZ000000000000,1112,1,48,1
2010-01-05,S14036,P070203011,ZZ000000000000,1192,2,148,1
2010-01-05,S14047,P080804001,CS047414000002,1192,2,100,1
2010-01-05,S14048,P071004003,ZZ000000000000,1152,1,102,1
2010-01-05,S14036,P050303007,ZZ000000000000,1162,2,138,1
2010-01-05,S14040,P080701001,ZZ000000000000,1142,1,75,1
2010-01-05,S14046,P050406005,ZZ000000000000,1142,2,128,1
2010-01-05,S14048,P050501001,ZZ000000000000,1192,1,135,1
2010-01-05,S14049,P070504026,ZZ000000000000,1122,2,238,1
2010-01-05,S14048,P071001042,ZZ000000000000,1142,1,102,1
2010-01-05,S14033,P070703008,CS033515000184,1112,1,108,1
2010-01-05,S14034,P071101002,CS034414000053,1152,1,278,1
2010-01-05,S14040,P070309003,ZZ000000000000,112,1,128,1
2010-01-05,S14033,P080803001,ZZ000000000000,1132,1,100,1
2010-01-05,S14045,P050404003,ZZ000000000000,1172,2,100,1
2010-01-05,S14049,P060601002,ZZ000000000000,1182,1,78,1
2010-01-05,S14034,P070202011,ZZ000000000000,1102,1,141,1
2010-01-05,S14049,P070308001,ZZ000000000000,1102,1,100,1
2010-01-05,S14042,P071005001,ZZ000000000000,1102,2,68,1
2010-01-05,S14036,P070805001,ZZ000000000000,1132,2,108,1
2010-01-05,S14033,P050102003,ZZ000000000000,1182,2,185,1
2010-01-05,S14034,P060701001,CS034214000008,112,2,98,1
2010-01-05,S14040,P071005011,ZZ000000000000,1172,1,102,1
2010-01-05,S14040,P050407019,ZZ000000000000,1172,2,238,1
2010-01-05,S14034,P040301001,CS034414000052,1162,1,248,1
2010-01-05,S14049,P059001009,ZZ000000000000,1162,1,278,1
2010-01-05,S14047,P070502001,ZZ000000000000,1142,1,100,1
2010-01-05,S14046,P070502013,ZZ000000000000,1162,1,268,1
2010-01-05,S14036,P071102002,CS036515000057,1112,2,190,1
2010-01-05,S14045,P071103009,ZZ000000000000,1122,1,670,1
2010-01-05,S14033,P040102001,ZZ000000000000,1182,1,268,1
2010-01-05,S14040,P070101063,ZZ000000000000,1132,1,148,1
2010-01-05,S14045,P071101006,ZZ000000000000,1112,1,680,1
2010-01-05,S14048,P070203013,ZZ000000000000,1122,1,150,1
2010-01-05,S14036,P060303001,CS036515000113,1102,2,148,1
2010-01-05,S14040,P050304005,CS040515000142,1112,1,195,1
2010-01-05,S14048,P070303005,ZZ000000000000,1102,2,138,1
2010-01-05,S14040,P040503001,CS040515000126,1102,1,298,1
2010-01-05,S14042,P071006003,ZZ000000000000,1132,2,208,1
2010-01-05,S14049,P059001002,ZZ000000000000,112,1,238,1
2010-01-05,S14047,P060101001,ZZ000000000000,1122,2,110,1
2010-01-05,S14048,P050402001,ZZ000000000000,1112,2,288,1
2010-01-05,S14034,P050504014,CS034414000042,1172,2,396,1
2010-01-05,S14033,P090103025,ZZ000000000000,1172,1,228,1
2010-01-05,S14036,P070708005,ZZ000000000000,1172,2,118,1
2010-01-05,S14047,P040101003,ZZ000000000000,1182,1,230,1
2010-01-05,S14045,P090805040,ZZ000000000000,1192,1,540,1
2010-01-05,S14049,P071401006,ZZ000000000000,1142,2,1200,1
2010-01-05,S14036,P050101001,CS036411000053,1142,2,40,1
2010-01-05,S14045,P040403001,ZZ000000000000,1142,2,198,1
2010-01-05,S14036,P050601001,CS036214000009,112,2,138,1
2010-01-04,S14036,P050303022,CS036615000056,1192,1,248,1
2010-01-04,S14034,P050103006,CS034615000115,1182,2,128,1
2010-01-04,S14033,P080403002,CS033614000011,1142,1,175,1
2010-01-04,S14046,P090904001,ZZ000000000000,1142,2,78,1
2010-01-04,S14033,P050407004,CS033614000035,1122,2,148,1
2010-01-04,S14047,P040101003,ZZ000000000000,1102,1,230,1
2010-01-04,S14033,P060104009,ZZ000000000000,1102,2,100,1
2010-01-04,S14047,P050103003,CS047614000003,1112,2,88,1
2010-01-04,S14049,P070708041,ZZ000000000000,1192,1,165,1
2010-01-04,S14048,P060102022,ZZ000000000000,1162,1,100,1
2010-01-04,S14045,P071004013,ZZ000000000000,1182,2,102,1
2010-01-04,S14048,P060104066,ZZ000000000000,1142,2,320,1
2010-01-04,S14042,P071401009,ZZ000000000000,1132,2,1200,1
2010-01-04,S14036,P070704033,CS036614000028,1112,2,128,1
2010-01-04,S14045,P050701001,ZZ000000000000,1162,2,88,1
2010-01-04,S14034,P050101009,CS034615000115,1182,1,208,1
2010-01-04,S14033,P050101001,CS033505000008,112,1,40,1
2010-01-04,S14049,P080401015,ZZ000000000000,1132,1,135,1
2010-01-04,S14048,P050601003,ZZ000000000000,1152,1,170,1
2010-01-04,S14048,P071103002,ZZ000000000000,1112,2,68,1
2010-01-04,S14040,P090102003,ZZ000000000000,1102,2,72,1
2010-01-04,S14047,P050701011,ZZ000000000000,1162,1,148,1
2010-01-04,S14034,P071004003,CS034615000103,1162,2,102,1
2010-01-04,S14042,P060801019,ZZ000000000000,1162,2,90,1
2010-01-04,S14036,P050406005,CS036615000107,1182,2,128,1
2010-01-04,S14048,P060103001,ZZ000000000000,1132,1,100,1
2010-01-04,S14048,P070302011,ZZ000000000000,1122,2,328,1
2010-01-04,S14036,P070704030,CS036614000061,1142,2,125,1
2010-01-04,S14047,P060101006,ZZ000000000000,1192,1,180,1
2010-01-04,S14042,P060101006,ZZ000000000000,1112,2,180,1
2010-01-04,S14045,P050101001,ZZ000000000000,1112,2,40,1
2010-01-04,S14046,P050407019,ZZ000000000000,1182,2,238,1
2010-01-04,S14042,P071401008,ZZ000000000000,1152,1,1200,1
2010-01-04,S14042,P050403008,ZZ000000000000,1152,2,188,1
2010-01-04,S14048,P060104055,ZZ000000000000,1152,2,200,1
2010-01-04,S14046,P080402001,ZZ000000000000,1152,1,45,1
2010-01-04,S14040,P070502013,CS040614000004,1152,2,268,1
2010-01-04,S14042,P050101001,ZZ000000000000,1172,2,80,2
2010-01-04,S14042,P060101002,ZZ000000000000,1182,1,160,1
2010-01-04,S14049,P070303028,ZZ000000000000,112,2,228,1
2010-01-04,S14049,P050101001,ZZ000000000000,112,1,40,1
2010-01-04,S14042,P071302003,ZZ000000000000,1102,2,318,1
2010-01-04,S14045,P071001065,ZZ000000000000,1132,2,102,1
2010-01-04,S14040,P040102001,ZZ000000000000,1132,1,268,1
2010-01-04,S14034,P070502004,CS034615000137,1142,1,100,1
2010-01-04,S14046,P071004020,ZZ000000000000,1142,1,102,1
2010-01-04,S14040,P060101001,ZZ000000000000,1122,2,110,1
2010-01-04,S14045,P040501010,ZZ000000000000,1122,2,318,1
2010-01-04,S14045,P070503018,ZZ000000000000,112,1,100,1
2010-01-04,S14047,P060101001,ZZ000000000000,112,2,110,1
2010-01-04,S14033,P050701014,CS033614000042,1162,1,168,1
2010-01-04,S14033,P071101013,CS033614000011,1142,2,680,1
2010-01-04,S14048,P040102001,ZZ000000000000,1182,2,268,1
2010-01-04,S14040,P050102001,CS040614000034,1182,2,60,1
2010-01-04,S14040,P060602021,ZZ000000000000,1192,2,120,1
2010-01-04,S14042,P071004008,ZZ000000000000,1192,1,102,1
2010-01-04,S14049,P070807001,ZZ000000000000,1152,2,190,1
2010-01-04,S14047,P071401010,ZZ000000000000,1172,1,1200,1
2010-01-04,S14047,P080201006,ZZ000000000000,1162,2,115,1
2010-01-04,S14045,P050502048,ZZ000000000000,1112,1,225,1
2010-01-04,S14046,P050103001,ZZ000000000000,1112,2,78,1
2010-01-04,S14048,P050103001,ZZ000000000000,1122,1,78,1
2010-01-04,S14046,P091503002,ZZ000000000000,1132,2,680,1
2010-01-04,S14045,P071001025,ZZ000000000000,112,2,102,1
2010-01-04,S14048,P040501009,ZZ000000000000,1132,2,298,1
2010-01-04,S14034,P080203005,CS034615000075,1192,2,298,1
2010-01-04,S14033,P071005003,ZZ000000000000,1172,1,78,1
2010-01-04,S14036,P080401001,CS036614000045,1152,2,48,1
2010-01-04,S14048,P060702007,ZZ000000000000,1192,2,88,1
2010-01-04,S14034,P070405086,CS034615000075,1192,1,205,1
2010-01-04,S14042,P080901001,ZZ000000000000,1172,1,95,1
2010-01-04,S14045,P060104020,ZZ000000000000,1162,1,120,1
2010-01-04,S14040,P040101004,ZZ000000000000,1192,1,248,1
2010-01-04,S14040,P050102001,ZZ000000000000,1102,1,60,1
2010-01-04,S14049,P060702004,ZZ000000000000,1102,2,88,1
2010-01-04,S14036,P060701001,CS036614000002,1132,2,98,1
2010-01-04,S14046,P050102001,ZZ000000000000,1122,2,60,1
2010-01-04,S14049,P070305010,ZZ000000000000,1132,2,138,1
2010-01-04,S14045,P070101132,ZZ000000000000,1132,1,498,1
2010-01-04,S14048,P080403007,ZZ000000000000,1172,2,198,1
2010-01-04,S14047,P050302001,ZZ000000000000,1122,1,80,1
2010-01-04,S14048,P050302001,ZZ000000000000,1112,1,80,1
2010-01-04,S14045,P040504002,ZZ000000000000,1152,1,218,1
2010-01-04,S14034,P060102004,CS034615000136,1152,1,88,1
2010-01-04,S14042,P060601014,ZZ000000000000,1142,1,98,1
2010-01-04,S14034,P071101001,CS034615000137,1142,2,278,1
2010-01-04,S14048,P070408006,ZZ000000000000,112,2,288,1
2010-01-04,S14049,P071101007,ZZ000000000000,1172,2,680,1
2010-01-04,S14034,P080602004,CS034615000033,1172,1,588,1
2010-01-04,S14047,P071101002,ZZ000000000000,1102,2,278,1
2010-01-04,S14033,P080801002,ZZ000000000000,1102,1,98,1
2010-01-04,S14040,P071401017,CS040614000005,1142,1,2200,1
2010-01-04,S14046,P050101006,ZZ000000000000,1122,1,158,1
2010-01-04,S14046,P080102016,ZZ000000000000,1182,1,30,1
2010-01-04,S14033,P060403001,ZZ000000000000,1172,2,98,1
2010-01-04,S14045,P050405005,ZZ000000000000,1192,1,188,1
2010-01-04,S14040,P071401001,CS040505000002,112,2,1100,1
2010-01-04,S14046,P050301019,ZZ000000000000,112,2,148,1
2010-01-04,S14036,P071001042,CS036505000009,112,1,102,1
2010-01-04,S14036,P071102002,CS036505000009,112,2,190,1
2010-01-04,S14045,P040102009,ZZ000000000000,1142,2,358,1
2010-01-04,S14040,P080701002,ZZ000000000000,1122,1,138,1
2010-01-04,S14033,P040301005,CS033615000140,1192,1,298,1
2010-01-04,S14036,P070602033,ZZ000000000000,1162,2,165,1
2010-01-04,S14048,P071401006,ZZ000000000000,1102,2,1200,1
2010-01-04,S14040,P040802002,ZZ000000000000,1112,1,100,1
2010-01-04,S14036,P040102020,ZZ000000000000,1102,2,980,1
2010-01-04,S14033,P071004006,CS033614000035,1122,1,102,1
2010-01-04,S14049,P071401006,ZZ000000000000,1122,1,1200,1
2010-01-04,S14036,P060501007,CS036615000109,1172,1,218,1
2010-01-04,S14045,P080701033,ZZ000000000000,1192,2,288,1
2010-01-04,S14047,P040102011,ZZ000000000000,1132,1,358,1
2010-01-04,S14040,P070406028,ZZ000000000000,1132,2,123,1
2010-01-04,S14033,P080601001,CS033614000005,1152,2,338,1
2010-01-04,S14046,P050103011,ZZ000000000000,1102,2,135,1
2010-01-04,S14047,P060102011,ZZ000000000000,1182,2,90,1
2010-01-04,S14036,P080203005,CS036615000109,1172,2,298,1
2010-01-04,S14048,P071003048,ZZ000000000000,1162,2,590,1
2010-01-04,S14040,P071301002,CS040614000034,1182,1,2485,1
2010-01-04,S14047,P060603001,ZZ000000000000,1182,1,68,1
2010-01-04,S14047,P071401003,ZZ000000000000,1152,1,1100,1
2010-01-04,S14033,P050504019,CS033614000005,1152,1,414,1
2010-01-04,S14036,P080903006,CS036614000002,1132,1,100,1
2010-01-04,S14047,P071401003,ZZ000000000000,1142,1,1100,1
2010-01-04,S14042,P050303024,ZZ000000000000,1192,2,278,1
2010-01-04,S14040,P050601001,CS040505000002,112,1,138,1
2010-01-04,S14047,P040502001,ZZ000000000000,112,1,208,1
2010-01-04,S14033,P060104001,CS033505000008,112,2,70,1
2010-01-04,S14040,P060303001,CS040614000077,1162,2,148,1
2010-01-04,S14033,P060202001,CS033615000140,1192,2,600,1
2010-01-04,S14049,P050301021,ZZ000000000000,1182,2,188,1
2010-01-04,S14045,P080201005,ZZ000000000000,1102,1,115,1
2010-01-04,S14048,P080203005,ZZ000000000000,1142,1,298,1
2010-01-04,S14049,P060204004,ZZ000000000000,1122,2,120,1
2010-01-04,S14034,P070710028,CS034615000113,1122,2,240,1
2010-01-04,S14046,P071004001,ZZ000000000000,1112,1,102,1
2010-01-04,S14034,P080903004,ZZ000000000000,1102,1,100,1
2010-01-04,S14045,P070506001,ZZ000000000000,1102,2,100,1
2010-01-04,S14046,P060104039,ZZ000000000000,1172,2,150,1
2010-01-04,S14042,P050301008,ZZ000000000000,112,1,78,1
2010-01-04,S14033,P059001024,ZZ000000000000,1112,1,578,1
2010-01-04,S14045,P050101002,ZZ000000000000,1122,1,128,1
2010-01-04,S14042,P071003039,ZZ000000000000,1142,2,268,1
2010-01-04,S14036,P050406007,CS036614000015,1122,1,128,1
2010-01-04,S14034,P071401001,ZZ000000000000,1102,2,1100,1
2010-01-04,S14036,P070702003,ZZ000000000000,1102,1,83,1
2010-01-04,S14033,P050302003,CS033614000059,1132,1,158,1
2010-01-04,S14033,P070402001,CS033615000034,1182,1,175,1
2010-01-04,S14045,P090301046,ZZ000000000000,1182,1,315,1
2010-01-04,S14034,P080201007,CS034615000075,1132,1,128,1
2010-01-04,S14045,P060703002,CS045612000002,1172,1,98,1
2010-01-04,S14049,P071401001,ZZ000000000000,1172,1,1100,1
2010-01-04,S14045,P050102002,CS045612000002,1172,2,138,1
2010-01-04,S14042,P050301001,ZZ000000000000,1162,1,25,1
2010-01-04,S14036,P071103005,ZZ000000000000,1162,1,180,1
2010-01-04,S14034,P040701006,ZZ000000000000,112,2,298,1
2010-01-04,S14042,P080201001,ZZ000000000000,112,2,98,1
2010-01-04,S14045,P071003016,ZZ000000000000,1142,1,102,1
2010-01-04,S14042,P070303003,ZZ000000000000,1132,1,100,1
2010-01-04,S14042,P050501022,ZZ000000000000,1122,1,252,1
2010-01-04,S14036,P070403021,CS036615000107,1182,1,258,1
2010-01-04,S14036,P071401006,CS036615000056,1192,2,2400,2
2010-01-04,S14049,P071002012,ZZ000000000000,1182,1,102,1
2010-01-04,S14046,P070303070,ZZ000000000000,1162,2,328,1
2010-01-04,S14042,P070401001,ZZ000000000000,1112,1,51,1
2010-01-04,S14049,P050301012,ZZ000000000000,1192,2,128,1
2010-01-04,S14042,P060104001,ZZ000000000000,1102,1,70,1
2010-01-04,S14042,P071001014,ZZ000000000000,1122,2,102,1
2010-01-04,S14047,P050601001,ZZ000000000000,1132,2,138,1
2010-01-04,S14046,P071401025,ZZ000000000000,1132,1,2400,1
2010-01-04,S14036,P040802005,CS036614000028,1112,1,368,1
2010-01-04,S14047,P040503001,ZZ000000000000,1142,2,298,1
2010-01-04,S14047,P071002035,ZZ000000000000,1192,2,122,1
2010-01-04,S14048,P059001003,ZZ000000000000,1182,1,238,1
2010-01-01,S14040,P091501014,ZZ000000000000,1172,2,305,1
2010-01-01,S14036,P040802005,CS036411000002,1152,1,368,1
2010-01-01,S14047,P070301014,ZZ000000000000,1192,1,188,1
2010-01-01,S14040,P071401014,CS040515000091,1112,1,2200,1
2010-01-01,S14048,P059001012,ZZ000000000000,1112,1,288,1
2010-01-01,S14034,P091501014,ZZ000000000000,1142,1,305,1
2010-01-01,S14047,P050102006,ZZ000000000000,1142,2,215,1
2010-01-01,S14047,P070305043,ZZ000000000000,1132,2,388,1
2010-01-01,S14034,P071401021,CS034414000048,1192,1,2400,1
2010-01-01,S14034,P050101009,CS034414000014,1172,2,208,1
2010-01-01,S14045,P050502009,CS045515000010,1182,2,171,1
2010-01-01,S14046,P040802004,CS046411000002,1172,1,368,1
2010-01-01,S14040,P059001009,ZZ000000000000,1172,1,278,1
2010-01-01,S14046,P091403017,ZZ000000000000,1122,2,675,1
2010-01-01,S14036,P071401004,ZZ000000000000,1132,2,1100,1
2010-01-01,S14046,P050403007,ZZ000000000000,1142,1,188,1
2010-01-01,S14048,P071001042,ZZ000000000000,1152,2,102,1
2010-01-01,S14049,P050403003,ZZ000000000000,1142,1,128,1
2010-01-01,S14040,P070505071,ZZ000000000000,1142,1,1220,1
2010-01-01,S14042,P090401004,ZZ000000000000,1162,1,88,1
2010-01-01,S14045,P060702013,CS045515000010,1182,1,100,1
2010-01-01,S14033,P080201005,CS033214000008,112,1,115,1
2010-01-01,S14033,P060303001,ZZ000000000000,1192,2,148,1
2010-01-01,S14045,P040102021,ZZ000000000000,1162,2,1780,1
2010-01-01,S14046,P071401005,ZZ000000000000,1162,2,1100,1
2010-01-01,S14040,P071401005,ZZ000000000000,1192,1,1100,1
2010-01-01,S14042,P050101002,ZZ000000000000,1182,1,256,2
2010-01-01,S14049,P060602023,ZZ000000000000,1192,2,148,1
2010-01-01,S14049,P050101001,ZZ000000000000,1152,2,40,1
2010-01-01,S14046,P080403008,ZZ000000000000,1152,2,218,1
2010-01-01,S14034,P060601038,ZZ000000000000,1122,2,318,1
2010-01-01,S14033,P071003003,ZZ000000000000,1132,2,92,1
2010-01-01,S14049,P080202003,ZZ000000000000,1172,2,45,1
2010-01-01,S14048,P050206001,CS048411000003,1172,1,198,1
2010-01-01,S14042,P060101002,CS042411000003,1172,1,160,1
2010-01-01,S14046,P050101003,ZZ000000000000,1142,2,138,1
2010-01-01,S14033,P060102063,CS033411000015,1142,1,150,1
2010-01-01,S14040,P060303001,ZZ000000000000,1132,2,148,1
2010-01-01,S14046,P060303001,ZZ000000000000,1152,1,148,1
2010-01-01,S14040,P071401019,CS040411000081,1152,2,2200,1
2010-01-01,S14047,P050302003,ZZ000000000000,1152,2,158,1
2010-01-01,S14045,P060303001,ZZ000000000000,1152,2,148,1
2010-01-01,S14048,P060303001,ZZ000000000000,1112,2,148,1
2010-01-01,S14046,P060303001,ZZ000000000000,1102,1,148,1
2010-01-01,S14036,P060501001,CS036515000001,1102,1,70,1
2010-01-01,S14048,P060303001,ZZ000000000000,1122,2,296,2
2010-01-01,S14049,P060303001,ZZ000000000000,1132,1,148,1
2010-01-01,S14045,P060402003,ZZ000000000000,1142,2,195,1
2010-01-01,S14034,P080804001,CS034414000050,1152,2,100,1
2010-01-01,S14045,P071401007,ZZ000000000000,1152,1,1200,1
2010-01-01,S14049,P090102002,ZZ000000000000,1122,1,68,1
2010-01-01,S14045,P071005010,ZZ000000000000,1132,1,102,1
2010-01-01,S14036,P060104010,ZZ000000000000,1172,1,100,1
2010-01-01,S14049,P040503001,ZZ000000000000,1182,1,298,1
2010-01-01,S14040,P071101016,ZZ000000000000,1182,1,880,1
2010-01-01,S14045,P060702003,CS045515000003,1192,2,88,1
2010-01-01,S14042,P071401007,ZZ000000000000,1102,2,1200,1
2010-01-01,S14034,P090301005,CS034414000109,1162,1,120,1
2010-01-01,S14040,P050601001,CS040411000081,1152,1,138,1
2010-01-01,S14045,P080602004,ZZ000000000000,1122,1,588,1
2010-01-01,S14047,P071102004,ZZ000000000000,112,2,458,1
2010-01-01,S14036,P040102005,CS036214000007,112,2,318,1
2010-01-01,S14049,P071003026,ZZ000000000000,1122,2,138,1
2010-01-01,S14040,P070702005,ZZ000000000000,1122,2,83,1
2010-01-01,S14048,P070304004,ZZ000000000000,1132,2,138,1
2010-01-01,S14034,P050701014,ZZ000000000000,1132,1,168,1
2010-01-01,S14042,P040301001,ZZ000000000000,1112,1,248,1
2010-01-01,S14045,P070408004,ZZ000000000000,1112,1,238,1
2010-01-01,S14045,P080201005,ZZ000000000000,1142,1,115,1
2010-01-01,S14033,P050601002,ZZ000000000000,1152,2,158,1
2010-01-01,S14045,P071003026,ZZ000000000000,1102,2,138,1
2010-01-01,S14046,P040101001,ZZ000000000000,1182,1,198,1
2010-01-01,S14033,P070702005,ZZ000000000000,1192,1,83,1
2010-01-01,S14046,P070408004,ZZ000000000000,1182,2,238,1
2010-01-01,S14046,P070703001,ZZ000000000000,1102,2,98,1
2010-01-01,S14033,P080804001,CS033515000049,1102,2,100,1
2010-01-01,S14046,P071004013,ZZ000000000000,1132,1,102,1
2010-01-01,S14036,P090303026,ZZ000000000000,1122,1,750,1
2010-01-01,S14036,P070303079,CS036411000005,1142,2,358,1
2010-01-01,S14048,P070709025,ZZ000000000000,112,2,155,1
2010-01-01,S14049,P040101010,ZZ000000000000,112,1,580,1
2010-01-01,S14040,P060104042,CS040214000002,112,2,180,1
2010-01-01,S14034,P040501002,CS034214000029,112,2,180,1
2010-01-01,S14034,P050303001,CS034214000029,112,1,75,1
2010-01-01,S14048,P071302001,ZZ000000000000,112,1,280,1
2010-01-01,S14048,P071401009,ZZ000000000000,1192,1,1200,1
2010-01-01,S14034,P060601001,CS034414000014,1172,1,78,1
2010-01-01,S14047,P070204003,ZZ000000000000,1132,1,138,1
2010-01-01,S14048,P071401009,ZZ000000000000,1152,1,1200,1
2010-01-01,S14036,P050406006,ZZ000000000000,1132,1,128,1
2010-01-01,S14047,P071401010,ZZ000000000000,1142,1,1200,1
2010-01-01,S14045,P070708001,ZZ000000000000,1132,2,70,1
2010-01-01,S14034,P040802004,ZZ000000000000,1102,2,368,1
2010-01-01,S14049,P040102023,ZZ000000000000,1102,1,5000,1
2010-01-01,S14042,P060702010,ZZ000000000000,1112,2,88,1
2010-01-01,S14049,P050303001,ZZ000000000000,1182,2,75,1
2010-01-01,S14040,P050303001,ZZ000000000000,1182,2,75,1
2010-01-01,S14045,P040101006,ZZ000000000000,1172,1,298,1
2010-01-01,S14047,P071003008,ZZ000000000000,1172,1,98,1
2010-01-01,S14033,P080102101,CS033515000049,1102,1,90,1
2010-01-01,S14033,P050406012,CS033515000063,1112,2,148,1
2010-01-01,S14047,P060402001,ZZ000000000000,1102,2,105,1
2010-01-01,S14045,P040101002,ZZ000000000000,1162,1,218,1
2010-01-01,S14033,P050401001,ZZ000000000000,1172,1,60,1
2010-01-01,S14034,P070405024,CS034414000050,1152,1,128,1
2010-01-01,S14046,P050701004,ZZ000000000000,112,1,98,1
2010-01-01,S14042,P071103010,ZZ000000000000,1152,1,670,1
2010-01-01,S14040,P080401001,ZZ000000000000,1162,1,48,1
2010-01-01,S14048,P050701003,ZZ000000000000,1162,2,98,1
2010-01-01,S14047,P060701002,ZZ000000000000,1102,1,98,1
2010-01-01,S14034,P040501002,ZZ000000000000,1112,1,180,1
2010-01-01,S14048,P050103018,ZZ000000000000,1142,1,235,1
2010-01-01,S14045,P050602001,ZZ000000000000,1122,2,88,1
2010-01-01,S14047,P090302001,ZZ000000000000,1172,2,96,1
2010-01-01,S14033,P060101002,ZZ000000000000,1172,2,160,1
2010-01-01,S14047,P060104011,ZZ000000000000,1192,2,100,1
2010-01-01,S14033,P090103002,ZZ000000000000,1122,1,105,1
2010-01-01,S14036,P070101001,CS036214000007,112,1,38,1
2010-01-01,S14045,P080102024,ZZ000000000000,112,2,45,1
2010-01-01,S14046,P050303001,ZZ000000000000,112,2,75,1
2010-01-01,S14040,P071401018,CS040515000095,1102,1,2200,1
2010-01-01,S14042,P060503001,ZZ000000000000,1152,2,78,1
2010-01-01,S14033,P060104005,ZZ000000000000,1152,1,97,1
2010-01-01,S14047,P090202023,ZZ000000000000,1162,1,398,1
2010-01-01,S14042,P040402001,ZZ000000000000,1122,1,228,1
2010-01-01,S14048,P040501010,ZZ000000000000,1102,2,318,1
2010-01-01,S14048,P071005003,ZZ000000000000,1182,1,78,1
2010-01-01,S14046,P080701010,ZZ000000000000,1192,1,160,1
2010-01-01,S14049,P090205001,ZZ000000000000,1192,1,225,1
2010-01-01,S14047,P070201002,ZZ000000000000,1162,2,100,1
2010-01-01,S14049,P050406061,ZZ000000000000,1112,2,598,1
2010-01-01,S14042,P050403001,ZZ000000000000,1132,2,128,1
2010-01-01,S14033,P071401001,ZZ000000000000,1132,1,1100,1
2010-01-01,S14048,P071103002,ZZ000000000000,1192,2,68,1
2010-01-01,S14034,P060702001,CS034414000048,1192,2,88,1
2010-01-01,S14047,P071401002,ZZ000000000000,1182,1,1100,1
2010-01-01,S14036,P080702001,ZZ000000000000,1172,2,110,1
2010-01-01,S14033,P071401002,ZZ000000000000,1182,1,1100,1
2010-01-01,S14045,P071102001,ZZ000000000000,1172,2,190,1
2010-01-01,S14033,P060803002,CS033515000063,1112,1,342,1
2010-01-01,S14036,P071003027,CS036515000001,1102,2,138,1
2010-01-01,S14045,P071401022,ZZ000000000000,1102,1,2400,1
2010-01-01,S14040,P070703001,CS040515000091,1112,2,98,1
2010-01-01,S14046,P070601001,ZZ000000000000,1122,1,108,1
2010-01-01,S14036,P080103013,CS036411000002,1152,2,45,1
2010-01-01,S14049,P070601004,ZZ000000000000,1162,1,178,1
2010-01-01,S14042,P059001026,ZZ000000000000,1132,1,588,1
2010-01-01,S14042,P050403008,ZZ000000000000,1192,1,188,1
2010-01-01,S14034,P071005002,CS034414000025,1182,2,78,1
2010-01-01,S14036,P050406023,ZZ000000000000,1162,2,178,1
2010-01-01,S14033,P071401014,ZZ000000000000,1162,1,2200,1
2010-01-01,S14047,P080102012,ZZ000000000000,1182,2,30,1
2010-01-01,S14046,P060602001,ZZ000000000000,1132,2,78,1
2010-01-01,S14033,P060104003,CS033411000015,1142,2,80,1
2010-01-01,S14048,P050601001,ZZ000000000000,1142,2,138,1
2010-01-01,S14046,P070307002,ZZ000000000000,1112,1,98,1
2010-01-01,S14047,P050601001,ZZ000000000000,1122,2,138,1
2010-01-01,S14036,P050701009,ZZ000000000000,1192,2,138,1
2010-01-01,S14036,P040802002,ZZ000000000000,1192,1,100,1
2010-01-01,S14048,P050701013,CS048411000003,1172,2,148,1
2010-01-01,S14047,P059001013,ZZ000000000000,1152,1,288,1
2010-01-01,S14049,P059001013,ZZ000000000000,1142,2,288,1
2010-01-01,S14034,P070404012,CS034414000109,1162,2,158,1
2010-01-01,S14042,P059001006,ZZ000000000000,1142,2,238,1
2010-01-01,S14047,P050503025,ZZ000000000000,1112,1,252,1
2010-01-01,S14048,P071007001,ZZ000000000000,1122,1,102,1
2010-01-01,S14049,P060602018,ZZ000000000000,1132,2,118,1
2010-01-01,S14040,P070702018,ZZ000000000000,1122,1,88,1
2010-01-01,S14033,P050602001,CS033214000008,112,2,88,1
2010-01-01,S14049,P090405004,ZZ000000000000,112,2,2500,1
2010-01-01,S14042,P071003022,ZZ000000000000,1182,2,118,1
2010-01-01,S14034,P060603001,CS034414000025,1182,1,68,1
2010-01-01,S14036,P071103001,CS036411000005,1142,1,68,1
2010-01-01,S14033,P040701007,ZZ000000000000,1162,2,298,1
2010-01-01,S14046,P060104053,ZZ000000000000,1162,1,200,1
2010-01-01,S14040,P071001013,ZZ000000000000,1142,2,102,1
2010-01-01,S14049,P050102003,ZZ000000000000,1102,2,185,1
2010-01-01,S14034,P071005011,ZZ000000000000,1102,1,102,1
2010-01-01,S14046,P060702014,ZZ000000000000,1192,2,108,1
2010-01-01,S14040,P070308001,ZZ000000000000,1192,2,100,1
2010-01-01,S14048,P060102014,ZZ000000000000,1162,1,100,1
2010-01-01,S14049,P070504029,ZZ000000000000,1152,1,275,1
2010-01-01,S14047,P080602001,ZZ000000000000,1112,2,208,1
2010-01-01,S14042,P090402003,ZZ000000000000,112,2,208,1
2010-01-01,S14042,P090304001,ZZ000000000000,112,1,100,1
2010-01-01,S14047,P059001007,ZZ000000000000,112,1,258,1
2010-01-01,S14040,P040504010,ZZ000000000000,1132,1,498,1
2010-01-01,S14048,P040101007,ZZ000000000000,1132,1,338,1
2010-01-01,S14034,P059001003,ZZ000000000000,1122,1,238,1
2010-01-01,S14042,P070305018,ZZ000000000000,1122,2,218,1
2010-01-01,S14046,P070707040,ZZ000000000000,1112,2,128,1
2010-01-01,S14036,P071003001,CS036515000070,1112,1,68,1
2010-01-01,S14042,P071302003,ZZ000000000000,1102,1,318,1
2010-01-01,S14045,P080202024,CS045515000003,1192,1,110,1
2010-01-01,S14042,P060104021,ZZ000000000000,1192,2,120,1
2010-01-01,S14034,P060702001,ZZ000000000000,1132,2,88,1
2010-01-01,S14033,P050102001,ZZ000000000000,1122,2,60,1
2010-01-01,S14042,P071003040,CS042411000003,1172,2,268,1
2010-01-01,S14049,P060702013,ZZ000000000000,1172,1,100,1
2010-01-01,S14040,P091501031,ZZ000000000000,1162,2,730,1
2010-01-01,S14033,P050406004,ZZ000000000000,1182,2,128,1
2010-01-01,S14036,P070502005,ZZ000000000000,1162,1,100,1
2010-01-01,S14049,P040802003,ZZ000000000000,1162,2,258,1
2010-01-01,S14042,P080102014,ZZ000000000000,1142,1,30,1
2010-01-01,S14036,P040601001,ZZ000000000000,1182,2,278,1
2010-01-01,S14036,P070702005,CS036515000070,1112,2,83,1
2010-01-01,S14034,P040802003,ZZ000000000000,1112,2,258,1
2010-01-01,S14047,P071101001,ZZ000000000000,1122,1,278,1
2010-01-01,S14048,P060102006,ZZ000000000000,1182,2,90,1
2010-01-01,S14046,P040102014,CS046411000002,1172,2,398,1
2010-01-01,S14045,P060102006,ZZ000000000000,1112,2,90,1
2010-01-01,S14049,P060401007,ZZ000000000000,1112,1,245,1
2010-01-01,S14048,P070807001,ZZ000000000000,1102,1,190,1
2010-01-01,S14034,P071001040,ZZ000000000000,1142,2,102,1
2010-01-01,S14040,P050103020,CS040214000002,112,1,268,1
2010-01-01,S14045,P050201001,ZZ000000000000,112,1,138,1
2010-01-01,S14036,P050403006,ZZ000000000000,1122,2,188,1
2010-01-01,S14040,P060303001,CS040515000095,1102,2,296,2
2010-01-01,S14036,P060102016,ZZ000000000000,1182,1,100,1
2010-01-01,S14042,P070301001,ZZ000000000000,1162,2,60,1
2010-01-04,S14034,P060702006,CS034615000072,1112,1,88,1
2010-01-04,S14040,P059001010,CS040614000005,1142,2,278,1
2010-01-04,S14036,P040701003,CS036614000045,1152,1,268,1
2010-01-04,S14036,P070806032,CS036614000061,1142,1,560,1
2010-01-04,S14046,P071002009,ZZ000000000000,1162,1,102,1
2010-01-04,S14049,P050303018,ZZ000000000000,1162,2,238,1
2010-01-04,S14047,P050301009,CS047614000003,1112,1,98,1
2010-01-04,S14048,P071005036,ZZ000000000000,1102,1,313,1
2010-01-04,S14033,P090904028,CS033614000059,1132,2,180,1
2010-01-04,S14036,P050103001,CS036614000015,1122,2,78,1
2010-01-04,S14048,P050401006,ZZ000000000000,1192,1,498,1
2010-01-04,S14046,P071005002,ZZ000000000000,1152,2,78,1
2010-01-04,S14040,P080901001,CS040614000004,1152,1,95,1
2010-01-04,S14033,P080701001,CS033615000034,1182,2,75,1
2010-01-04,S14042,P070306018,ZZ000000000000,1182,2,476,1
2010-01-04,S14040,P040102012,CS040614000012,1172,1,358,1
2010-01-04,S14046,P060703028,ZZ000000000000,112,1,158,1
2010-01-04,S14046,P060303001,ZZ000000000000,1192,1,296,2
2010-01-04,S14046,P040101002,ZZ000000000000,1192,2,218,1
2010-01-04,S14034,P071004010,CS034615000103,1162,1,102,1
2010-01-04,S14049,P060303001,ZZ000000000000,1162,1,296,2
2010-01-04,S14046,P071005018,ZZ000000000000,1172,1,102,1
2010-01-04,S14040,P060303001,CS040614000012,1172,2,148,1
2010-01-04,S14047,P071005001,ZZ000000000000,1172,2,68,1
2010-01-04,S14046,P040501004,ZZ000000000000,1102,1,278,1
2010-01-04,S14049,P060303001,ZZ000000000000,1102,1,148,1
2010-01-04,S14049,P071005004,ZZ000000000000,1142,1,88,1
2010-01-04,S14047,P060303001,ZZ000000000000,1152,2,148,1
2010-01-04,S14049,P060303001,ZZ000000000000,1152,1,296,2
2010-01-04,S14049,P090802023,ZZ000000000000,1112,2,198,1
2010-01-04,S14040,P060303001,ZZ000000000000,1112,2,296,2
2010-01-04,S14033,P071005018,ZZ000000000000,1112,2,102,1
2010-01-04,S14049,P060303001,ZZ000000000000,1112,1,148,1
2010-01-04,S14034,P050101003,ZZ000000000000,112,1,138,1
2010-01-04,S14048,P059001011,ZZ000000000000,112,1,288,1
2010-01-04,S14034,P040101003,CS034615000075,1132,2,230,1
2010-01-04,S14034,P071101009,CS034615000072,1112,2,680,1
2010-01-04,S14034,P071302006,CS034615000033,1172,2,358,1
2010-01-04,S14048,P090204167,ZZ000000000000,1172,1,1080,1
2010-01-04,S14033,P040301001,CS033614000042,1162,2,496,2
2010-01-04,S14034,P059001004,CS034615000113,1122,1,238,1
2010-01-04,S14049,P071101015,ZZ000000000000,1142,2,780,1
2010-01-04,S14047,P060102072,ZZ000000000000,1122,2,200,1
2010-01-04,S14045,P091503001,ZZ000000000000,1152,2,280,1
2010-01-04,S14034,P050101002,CS034615000136,1152,2,128,1
2010-01-04,S14040,P040802004,CS040614000077,1162,1,368,1
2010-01-02,S14047,P050303007,ZZ000000000000,1112,1,138,1
2010-01-02,S14042,P071101004,ZZ000000000000,1112,2,680,1
2010-01-02,S14036,P090701020,CS036514000113,1112,1,398,1
2010-01-02,S14033,P090102051,CS033515000052,1192,2,340,1
2010-01-02,S14048,P071002053,ZZ000000000000,1142,2,315,1
2010-01-02,S14046,P071003025,ZZ000000000000,1132,2,138,1
2010-01-02,S14034,P071003019,CS034515000205,1172,2,110,1
2010-01-02,S14040,P071401003,ZZ000000000000,1162,2,1100,1
2010-01-02,S14045,P060701001,ZZ000000000000,1112,1,98,1
2010-01-02,S14036,P080201007,CS036515000223,1182,1,128,1
2010-01-02,S14045,P071004001,ZZ000000000000,1102,1,102,1
2010-01-02,S14034,P040301005,CS034515000126,1112,1,298,1
2010-01-02,S14045,P080402001,ZZ000000000000,1132,1,45,1
2010-01-02,S14033,P080701022,ZZ000000000000,1112,2,195,1
2010-01-02,S14036,P050603001,CS036514000114,1122,2,168,1
2010-01-02,S14049,P060702006,ZZ000000000000,1142,1,88,1
2010-01-02,S14047,P050701002,ZZ000000000000,1142,1,88,1
2010-01-02,S14040,P071102003,ZZ000000000000,1152,1,190,1
2010-01-02,S14040,P040101007,CS040514000076,1112,2,338,1
2010-01-02,S14049,P070202063,ZZ000000000000,1112,1,278,1
2010-01-02,S14034,P050301011,CS034515000106,1122,1,120,1
2010-01-02,S14036,P071102003,ZZ000000000000,1152,1,190,1
2010-01-02,S14040,P050701003,CS040515000222,1192,1,98,1
2010-01-02,S14045,P060102008,ZZ000000000000,1162,1,90,1
2010-01-02,S14045,P050103006,ZZ000000000000,112,1,128,1
2010-01-02,S14045,P050102001,ZZ000000000000,1172,1,60,1
2010-01-02,S14045,P060104035,ZZ000000000000,1162,2,140,1
2010-01-02,S14048,P040802001,ZZ000000000000,1192,1,80,1
2010-01-02,S14045,P040802001,ZZ000000000000,1192,2,80,1
2010-01-02,S14042,P060501003,ZZ000000000000,1162,1,198,1
2010-01-02,S14040,P050406038,CS040514000111,1132,2,228,1
2010-01-02,S14049,P070701002,ZZ000000000000,1132,1,81,1
2010-01-02,S14046,P059001002,ZZ000000000000,1152,1,238,1
2010-01-02,S14045,P070503017,ZZ000000000000,112,2,100,1
2010-01-02,S14047,P090401001,ZZ000000000000,112,1,80,1
2010-01-02,S14048,P090402004,ZZ000000000000,1192,2,386,1
2010-01-02,S14033,P050602001,CS033515000052,1192,1,88,1
2010-01-02,S14042,P040102007,ZZ000000000000,1172,1,338,1
2010-01-02,S14036,P050701004,CS036515000017,1162,1,98,1
2010-01-02,S14034,P070303001,CS034515000049,1162,2,78,1
2010-01-02,S14033,P060402003,CS033515000036,1162,2,195,1
2010-01-02,S14034,P050701001,CS034515000175,1102,1,88,1
2010-01-02,S14048,P080401021,ZZ000000000000,1122,1,178,1
2010-01-02,S14046,P071006001,ZZ000000000000,1122,2,108,1
2010-01-02,S14045,P070705050,ZZ000000000000,1122,2,278,1
2010-01-02,S14034,P070708028,CS034515000126,1112,2,148,1
2010-01-02,S14036,P071401021,ZZ000000000000,1142,2,2400,1
2010-01-02,S14048,P070306015,CS048515000003,1162,1,270,1
2010-01-02,S14048,P091401023,ZZ000000000000,1172,2,118,1
2010-01-02,S14045,P090701011,ZZ000000000000,1172,2,360,1
2010-01-02,S14048,P070103003,ZZ000000000000,112,1,318,1
2010-01-02,S14047,P080105001,ZZ000000000000,1192,2,135,1
2010-01-02,S14046,P050201009,ZZ000000000000,1122,1,235,1
2010-01-02,S14042,P080701001,ZZ000000000000,1122,2,75,1
2010-01-02,S14033,P040201004,CS033515000082,1122,2,248,1
2010-01-02,S14047,P040101003,ZZ000000000000,1132,1,230,1
2010-01-02,S14034,P091501033,CS034515000036,1182,1,730,1
2010-01-02,S14036,P050403005,ZZ000000000000,1142,1,180,1
2010-01-02,S14036,P040801005,ZZ000000000000,1132,2,918,1
2010-01-02,S14048,P071003051,ZZ000000000000,112,2,920,1
2010-01-02,S14042,P050601003,ZZ000000000000,112,1,170,1
2010-01-02,S14046,P071401017,ZZ000000000000,1172,1,2200,1
2010-01-02,S14040,P071401019,ZZ000000000000,1172,2,2200,1
2010-01-02,S14047,P071001019,ZZ000000000000,1182,2,102,1
2010-01-02,S14033,P060703011,CS033515000116,1142,2,148,1
2010-01-02,S14048,P040802003,ZZ000000000000,1132,2,258,1
2010-01-02,S14040,P050602001,CS040514000111,1132,1,88,1
2010-01-02,S14042,P060702008,ZZ000000000000,1102,1,88,1
2010-01-02,S14046,P080102008,ZZ000000000000,1102,2,10,1
2010-01-02,S14042,P071102001,ZZ000000000000,1112,1,190,1
2010-01-02,S14048,P071005012,CS048515000003,1162,2,102,1
2010-01-02,S14040,P040301003,ZZ000000000000,1142,2,278,1
2010-01-02,S14049,P060503001,ZZ000000000000,1172,1,78,1
2010-01-02,S14045,P050101006,ZZ000000000000,1182,1,158,1
2010-01-02,S14034,P071005013,CS034515000125,1142,2,102,1
2010-01-02,S14042,P080703001,CS042515000024,1152,2,248,1
2010-01-02,S14040,P071301001,ZZ000000000000,1152,2,1100,1
2010-01-02,S14045,P050406003,ZZ000000000000,1142,2,128,1
2010-01-02,S14049,P070102002,ZZ000000000000,1172,2,318,1
2010-01-02,S14034,P060102032,CS034515000205,1172,1,100,1
2010-01-02,S14046,P050101002,ZZ000000000000,1182,1,128,1
2010-01-02,S14049,P070307043,ZZ000000000000,1122,2,238,1
2010-01-02,S14033,P071102005,ZZ000000000000,1112,1,698,1
2010-01-02,S14042,P050301001,CS042515000023,1142,1,25,1
2010-01-02,S14049,P050301004,ZZ000000000000,1112,2,65,1
2010-01-02,S14040,P090807017,CS040514000004,1102,2,448,1
2010-01-02,S14034,P090302019,CS034515000125,1142,1,120,1
2010-01-02,S14047,P050406006,CS047515000009,1172,2,128,1
2010-01-02,S14045,P060803002,ZZ000000000000,1142,1,342,1
2010-01-02,S14046,P071003017,ZZ000000000000,1162,1,102,1
2010-01-02,S14036,P071003009,CS036515000146,1192,1,102,1
2010-01-02,S14049,P060303001,ZZ000000000000,1182,1,296,2
2010-01-02,S14040,P080804001,CS040515000081,1182,2,100,1
2010-01-02,S14046,P050602001,ZZ000000000000,1182,2,88,1
2010-01-02,S14048,P050602001,ZZ000000000000,1102,2,88,1
2010-01-02,S14049,P060303001,ZZ000000000000,1152,1,148,1
2010-01-02,S14046,P070408002,ZZ000000000000,1152,2,188,1
2010-01-02,S14042,P059001020,CS042515000010,1132,1,458,1
2010-01-02,S14047,P060303001,ZZ000000000000,1132,2,296,2
2010-01-02,S14049,P060303001,ZZ000000000000,1142,2,148,1
2010-01-02,S14047,P060303001,ZZ000000000000,1142,2,296,2
2010-01-02,S14033,P060101005,CS033515000116,1142,1,340,2
2010-01-02,S14046,P060303001,ZZ000000000000,1142,1,148,1
2010-01-02,S14046,P060303001,ZZ000000000000,1102,1,296,2
2010-01-02,S14049,P050501028,ZZ000000000000,112,2,270,1
2010-01-02,S14034,P070802007,ZZ000000000000,112,2,235,1
2010-01-02,S14033,P080901002,CS033515000082,1122,1,950,1
2010-01-02,S14049,P060202001,ZZ000000000000,1122,1,600,1
2010-01-02,S14042,P060702013,CS042515000024,1152,1,100,1
2010-01-02,S14034,P071006003,CS034515000185,1192,2,208,1
2010-01-02,S14033,P070304001,CS033515000130,1182,1,105,1
2010-01-02,S14033,P040201006,CS033515000036,1162,1,298,1
2010-01-02,S14046,P080702003,ZZ000000000000,1172,2,140,1
2010-01-02,S14033,P090907086,CS033515000036,1172,1,300,1
2010-01-02,S14049,P060802012,ZZ000000000000,1102,1,270,1
2010-01-02,S14033,P070803056,ZZ000000000000,1102,2,388,1
2010-01-02,S14034,P071301009,CS034515000185,1192,1,5280,1
2010-01-02,S14042,P071005004,ZZ000000000000,1172,2,88,1
2010-01-02,S14034,P040102021,CS034515000233,1132,2,1780,1
2010-01-02,S14048,P060101007,ZZ000000000000,1112,2,180,1
2010-01-02,S14047,P071004021,CS047515000011,1162,2,102,1
2010-01-02,S14034,P071005001,CS034515000182,1152,1,68,1
2010-01-02,S14033,P050701003,ZZ000000000000,1102,1,98,1
2010-01-02,S14036,P060303001,CS036514000059,1102,1,148,1
2010-01-02,S14048,P080201011,ZZ000000000000,1102,1,135,1
2010-01-02,S14042,P040502001,ZZ000000000000,1192,1,208,1
2010-01-02,S14036,P071401006,CS036515000146,1192,2,1200,1
2010-01-02,S14046,P071401018,ZZ000000000000,1192,2,2200,1
2010-01-02,S14040,P071005008,CS040514000052,1122,2,102,1
2010-01-02,S14049,P090808014,ZZ000000000000,1132,2,270,1
2010-01-02,S14049,P071401002,ZZ000000000000,1162,1,1100,1
2010-01-02,S14040,P070305012,ZZ000000000000,1142,1,158,1
2010-01-02,S14034,P060802003,CS034515000182,1152,2,270,1
2010-01-02,S14040,P050701005,CS040114000004,112,1,108,1
2010-01-02,S14034,P090806001,ZZ000000000000,112,1,35,1
2010-01-02,S14033,P060403003,CS033515000016,1132,2,128,1
2010-01-02,S14042,P040801003,CS042515000023,1142,2,148,1
2010-01-02,S14045,P050701001,ZZ000000000000,1152,2,88,1
2010-01-02,S14048,P050103014,ZZ000000000000,1182,1,158,1
2010-01-02,S14046,P080201006,ZZ000000000000,1162,2,115,1
2010-01-02,S14040,P060203001,CS040514000052,1122,1,98,1
2010-01-02,S14048,P070202004,ZZ000000000000,1112,1,118,1
2010-01-02,S14046,P090302107,ZZ000000000000,1112,2,430,1
2010-01-02,S14047,P050303006,ZZ000000000000,1192,1,138,1
2010-01-02,S14042,P071005015,ZZ000000000000,1192,2,102,1
2010-01-02,S14049,P080402011,ZZ000000000000,112,1,298,1
2010-01-02,S14046,P060403014,ZZ000000000000,112,2,248,1
2010-01-02,S14047,P040102013,ZZ000000000000,112,2,398,1
2010-01-02,S14040,P071002007,ZZ000000000000,1172,1,102,1
2010-01-02,S14036,P050504027,CS036515000223,1182,2,414,1
2010-01-02,S14046,P071004009,ZZ000000000000,1142,2,102,1
2010-01-02,S14046,P070306011,ZZ000000000000,1192,1,188,1
2010-01-02,S14042,P060801094,ZZ000000000000,1122,1,90,1
2010-01-02,S14049,P071006004,ZZ000000000000,1102,2,218,1
2010-01-02,S14042,P070701018,ZZ000000000000,1182,1,81,1
2010-01-02,S14048,P091503001,ZZ000000000000,1152,1,280,1
2010-01-02,S14036,P060203001,ZZ000000000000,1152,2,98,1
2010-01-02,S14046,P070708004,ZZ000000000000,1112,1,100,1
2010-01-02,S14047,P070807002,CS047515000011,1162,1,270,1
2010-01-02,S14036,P060104040,CS036514000114,1122,1,150,1
2010-01-02,S14045,P080702001,ZZ000000000000,1122,1,110,1
2010-01-02,S14048,P070406082,ZZ000000000000,1122,2,175,1
2010-01-02,S14042,P071401021,CS042515000010,1132,2,2400,1
2010-01-02,S14033,P071401019,CS033515000036,1172,2,2200,1
2010-01-02,S14045,P050603001,ZZ000000000000,1192,1,168,1
2010-01-02,S14036,P071004028,CS036514000059,1102,2,102,1
2010-01-02,S14040,P050301003,CS040514000004,1102,1,65,1
2010-01-02,S14047,P070602022,ZZ000000000000,1152,2,128,1
2010-01-02,S14033,P050404009,CS033515000130,1182,2,138,1
2010-01-02,S14040,P071005034,CS040514000076,1112,1,288,1
2010-01-02,S14045,P070309034,ZZ000000000000,1132,2,958,1
2010-01-02,S14034,P071101010,CS034515000106,1122,2,680,1
2010-01-02,S14040,P050203013,CS040114000004,112,2,220,1
2010-01-02,S14036,P080301006,CS036515000017,1162,2,180,1
2010-01-02,S14033,P071003001,CS033515000070,1152,1,68,1
2010-01-02,S14049,P090907064,ZZ000000000000,1152,2,220,1
2010-01-02,S14040,P091401094,CS040515000222,1192,2,220,1
2010-01-02,S14034,P071001046,CS034515000036,1182,2,102,1
2010-01-02,S14040,P071401017,CS040515000081,1182,1,2200,1
2010-01-02,S14047,P070502013,ZZ000000000000,1122,1,268,1
2010-01-02,S14047,P060801123,ZZ000000000000,1112,2,342,1
2010-01-02,S14048,P080702002,ZZ000000000000,1172,1,125,1
2010-01-02,S14036,P080102066,CS036515000094,1172,2,90,1
2010-01-02,S14034,P060102001,CS034515000233,1132,1,70,1
2010-01-02,S14048,P071401009,ZZ000000000000,1142,1,1200,1
2010-01-02,S14049,P060702021,ZZ000000000000,1192,2,143,1
2010-01-02,S14045,P071004014,ZZ000000000000,1102,2,102,1
2010-01-02,S14045,P090103001,ZZ000000000000,1112,2,90,1
2010-01-02,S14036,P080101013,ZZ000000000000,1132,1,50,1
2010-01-02,S14047,P070101073,ZZ000000000000,1122,2,178,1
2010-01-02,S14047,P050601004,ZZ000000000000,1102,1,185,1
2010-01-02,S14049,P090203028,ZZ000000000000,1192,1,480,1
2010-01-02,S14034,P070102001,CS034515000049,1162,1,278,1
2010-01-02,S14048,P091402001,ZZ000000000000,1152,2,900,1
2010-01-02,S14045,P071302008,ZZ000000000000,1152,1,400,1
2010-01-02,S14040,P080601001,ZZ000000000000,1162,1,338,1
2010-01-02,S14036,P050603001,CS036515000094,1172,1,168,1
2010-01-02,S14046,P050403015,ZZ000000000000,112,1,248,1
2010-01-02,S14048,P071401022,ZZ000000000000,1132,1,2400,1
2010-01-02,S14033,P091403029,CS033115000007,112,1,1350,1
2010-01-02,S14042,P070203003,ZZ000000000000,112,2,100,1
2010-01-02,S14036,P090401013,CS036514000113,1112,2,120,1
2010-01-02,S14033,P070406001,CS033515000070,1152,2,60,1
2010-01-02,S14047,P071005005,ZZ000000000000,1152,1,98,1
2010-01-02,S14045,P060104031,ZZ000000000000,1182,2,120,1
2010-01-02,S14047,P071401022,ZZ000000000000,1182,1,2400,1
2010-01-02,S14033,P080804001,CS033115000007,112,2,100,1
2010-01-02,S14036,P091401004,CS036115000008,112,2,88,1
2010-01-02,S14046,P070901003,ZZ000000000000,1132,1,98,1
2010-01-02,S14033,P071005036,CS033515000016,1132,1,313,1
2010-01-02,S14042,P040101002,ZZ000000000000,1162,2,218,1
2010-01-02,S14049,P050502061,ZZ000000000000,1162,2,234,1
2010-01-02,S14042,P060103004,ZZ000000000000,1102,2,170,1
2010-01-02,S14047,P060101003,CS047515000009,1172,1,165,1
2010-01-02,S14047,P080702008,ZZ000000000000,1102,2,238,1
2010-01-02,S14034,P071401018,CS034515000175,1102,2,2200,1
2010-01-02,S14036,P040402001,CS036115000008,112,1,228,1
2010-01-02,S14048,P050102004,ZZ000000000000,1182,2,188,1
2010-01-02,S14049,P060806066,ZZ000000000000,1182,2,700,1
2010-01-02,S14042,P071101016,ZZ000000000000,1182,2,880,1
2010-01-03,S14049,P040403003,ZZ000000000000,1122,1,248,1
2010-01-03,S14042,P040101004,ZZ000000000000,1112,1,248,1
2010-01-03,S14042,P071002017,ZZ000000000000,1112,2,102,1
2010-01-03,S14048,P070708002,ZZ000000000000,1132,1,80,1
2010-01-03,S14045,P040603001,ZZ000000000000,1142,2,1980,1
2010-01-03,S14049,P070405060,ZZ000000000000,1162,2,173,1
2010-01-03,S14036,P060101001,CS036512000165,1192,1,110,1
2010-01-03,S14048,P071004021,ZZ000000000000,1192,1,102,1
2010-01-03,S14046,P080102069,ZZ000000000000,1172,1,90,1
2010-01-03,S14040,P091503005,CS040615000011,1102,1,1280,1
2010-01-03,S14033,P070601015,ZZ000000000000,1182,1,248,1
2010-01-03,S14034,P071101002,CS034512000107,1182,1,278,1
2010-01-03,S14047,P071101003,ZZ000000000000,1142,2,680,1
2010-01-03,S14034,P090804044,CS034512000063,1162,1,298,1
2010-01-03,S14036,P071101003,ZZ000000000000,1142,1,680,1
2010-01-03,S14036,P070602001,CS036511000043,1122,1,98,1
2010-01-03,S14033,P070805030,CS033615000099,1122,1,810,1
2010-01-03,S14034,P050504016,CS034512000131,1132,2,405,1
2010-01-03,S14046,P060104001,ZZ000000000000,1152,1,70,1
2010-01-03,S14049,P090102001,ZZ000000000000,1162,1,60,1
2010-01-03,S14046,P060102070,ZZ000000000000,1172,2,200,1
2010-01-03,S14034,P050303001,ZZ000000000000,1112,1,75,1
2010-01-03,S14033,P071401001,ZZ000000000000,1132,1,1100,1
2010-01-03,S14040,P059001023,ZZ000000000000,1182,2,558,1
2010-01-03,S14045,P040102018,ZZ000000000000,1182,1,498,1
2010-01-03,S14036,P050304004,ZZ000000000000,1162,2,168,1
2010-01-03,S14045,P091402001,ZZ000000000000,1172,2,900,1
2010-01-03,S14033,P071401001,ZZ000000000000,1172,1,1100,1
2010-01-03,S14036,P071005025,ZZ000000000000,1102,2,102,1
2010-01-03,S14033,P060501007,CS033615000133,1102,1,218,1
2010-01-03,S14040,P070806037,CS040615000011,1112,2,820,1
2010-01-03,S14045,P060801035,ZZ000000000000,1112,1,90,1
2010-01-03,S14047,P059001023,ZZ000000000000,1112,1,558,1
2010-01-03,S14047,P070601017,CS047512000008,1192,1,258,1
2010-01-03,S14034,P071401001,ZZ000000000000,1192,2,1100,1
2010-01-03,S14036,P071101010,CS036512000165,1192,2,680,1
2010-01-03,S14033,P071401001,ZZ000000000000,1192,1,1100,1
2010-01-03,S14042,P080803001,ZZ000000000000,1172,2,100,1
2010-01-03,S14047,P070706017,ZZ000000000000,1172,1,135,1
2010-01-03,S14047,P090402004,CS047512000010,1182,2,386,1
2010-01-03,S14033,P050701006,ZZ000000000000,1162,1,108,1
2010-01-03,S14036,P040802001,ZZ000000000000,1162,1,80,1
2010-01-03,S14040,P071401022,ZZ000000000000,1162,2,2400,1
2010-01-03,S14033,P071401001,ZZ000000000000,112,1,1100,1
2010-01-03,S14034,P070703001,ZZ000000000000,112,1,98,1
2010-01-03,S14033,P070703046,ZZ000000000000,112,2,198,1
2010-01-03,S14049,P071005004,ZZ000000000000,1192,1,88,1
2010-01-03,S14034,P070204001,CS034512000064,1122,1,88,1
2010-01-03,S14045,P060803001,ZZ000000000000,1112,2,342,1
2010-01-03,S14034,P050103009,CS034512000131,1132,1,128,1
2010-01-03,S14046,P060702012,ZZ000000000000,1182,2,100,1
2010-01-03,S14049,P040802004,ZZ000000000000,1172,1,368,1
2010-01-03,S14042,P050301030,ZZ000000000000,1172,1,198,1
2010-01-03,S14042,P070302009,CS042511000005,1132,2,328,1
2010-01-03,S14046,P070303060,ZZ000000000000,1102,1,288,1
2010-01-03,S14045,P050303020,ZZ000000000000,1192,1,248,1
2010-01-03,S14048,P071001003,ZZ000000000000,112,2,68,1
2010-01-03,S14034,P060601015,ZZ000000000000,112,2,100,1
2010-01-03,S14049,P071101019,ZZ000000000000,112,2,980,1
2010-01-03,S14048,P070601001,ZZ000000000000,1152,1,108,1
2010-01-03,S14046,P060104071,ZZ000000000000,1142,1,480,1
2010-01-03,S14047,P070901001,ZZ000000000000,1122,2,196,2
2010-01-03,S14048,P060104071,ZZ000000000000,1102,2,480,1
2010-01-03,S14049,P050407002,ZZ000000000000,1122,2,138,1
2010-01-03,S14036,P060303001,CS036804000002,1112,2,148,1
2010-01-03,S14034,P040601001,CS034512000055,1152,2,278,1
2010-01-03,S14047,P060102072,CS047512000008,1192,2,200,1
2010-01-03,S14048,P060702018,CS048512000002,1172,2,128,1
2010-01-03,S14033,P071101010,CS033615000133,1102,2,680,1
2010-01-03,S14048,P050103001,ZZ000000000000,1122,1,78,1
2010-01-03,S14049,P070303071,ZZ000000000000,1132,1,328,1
2010-01-03,S14049,P071101008,ZZ000000000000,1182,1,680,1
2010-01-03,S14036,P059001011,ZZ000000000000,1132,2,288,1
2010-01-03,S14033,P040301001,ZZ000000000000,1142,2,248,1
2010-01-03,S14046,P071301004,ZZ000000000000,1152,2,2680,1
2010-01-03,S14034,P071001029,ZZ000000000000,1112,2,102,1
2010-01-03,S14034,P050701001,ZZ000000000000,1102,1,88,1
2010-01-03,S14033,P080701021,CS033511000014,1152,2,195,1
2010-01-03,S14046,P070310003,ZZ000000000000,1162,2,228,1
2010-01-03,S14040,P060402001,ZZ000000000000,1152,1,105,1
2010-01-03,S14036,P050301003,CS036511000043,1122,2,65,1
2010-01-03,S14046,P060702013,ZZ000000000000,1132,2,100,1
2010-01-03,S14036,P060701001,ZZ000000000000,1142,2,98,1
2010-01-03,S14048,P050701001,ZZ000000000000,1132,2,88,1
2010-01-03,S14048,P080701001,ZZ000000000000,1192,2,75,1
2010-01-03,S14048,P070202031,ZZ000000000000,112,1,208,1
2010-01-03,S14049,P050701015,ZZ000000000000,1142,1,178,1
2010-01-03,S14033,P060503002,CS033615000099,1122,2,78,1
2010-01-03,S14048,P070702007,ZZ000000000000,1122,2,83,1
2010-01-03,S14046,P091401222,ZZ000000000000,1162,1,980,1
2010-01-03,S14042,P050701012,ZZ000000000000,1122,2,148,1
2010-01-03,S14045,P071401010,ZZ000000000000,1192,2,1200,1
2010-01-03,S14048,P071302006,CS048512000002,1172,1,358,1
2010-01-03,S14036,P060104033,CS036512000133,1182,2,140,1
2010-01-03,S14036,P091503001,ZZ000000000000,112,1,280,1
2010-01-03,S14036,P090402004,CS036512000133,1182,1,386,1
2010-01-03,S14046,P070308009,ZZ000000000000,1192,1,198,1
2010-01-03,S14034,P060104068,CS034512000137,1172,2,400,1
2010-01-03,S14042,P060303001,ZZ000000000000,1102,2,148,1
2010-01-03,S14049,P050303025,ZZ000000000000,1132,2,278,1
2010-01-03,S14047,P080701025,ZZ000000000000,1132,2,195,1
2010-01-03,S14048,P040101005,ZZ000000000000,1142,1,268,1
2010-01-03,S14047,P040101003,ZZ000000000000,1132,1,230,1
2010-01-03,S14048,P070307014,ZZ000000000000,1112,1,128,1
2010-01-03,S14046,P060702003,ZZ000000000000,1122,2,88,1
2010-01-03,S14045,P071101002,ZZ000000000000,112,1,278,1
2010-01-03,S14047,P090301007,ZZ000000000000,112,2,135,1
2010-01-03,S14045,P070705032,ZZ000000000000,1152,1,228,1
2010-01-03,S14045,P060702003,ZZ000000000000,112,2,88,1
2010-01-03,S14042,P070702066,ZZ000000000000,112,2,141,1
2010-01-03,S14036,P050301004,CS036512000163,1172,2,65,1
2010-01-03,S14048,P060102005,ZZ000000000000,1152,2,90,1
2010-01-03,S14047,P060303001,ZZ000000000000,1152,2,296,2
2010-01-03,S14042,P071002052,CS042511000005,1132,1,315,1
2010-01-03,S14045,P060703007,ZZ000000000000,1132,1,118,1
2010-01-03,S14045,P090804008,ZZ000000000000,1162,1,198,1
2010-01-03,S14034,P071101002,ZZ000000000000,1192,1,278,1
2010-01-03,S14034,P071003010,CS034512000063,1162,2,102,1
2010-01-03,S14048,P050301001,ZZ000000000000,1182,2,25,1
2010-01-03,S14046,P060602001,ZZ000000000000,1112,1,78,1
2010-01-03,S14046,P070505006,ZZ000000000000,1122,1,145,1
2010-01-03,S14049,P040802003,ZZ000000000000,1192,2,258,1
2010-01-03,S14034,P050103002,CS034512000091,1142,1,80,1
2010-01-03,S14045,P071302004,ZZ000000000000,1122,2,338,1
2010-01-03,S14040,P090204175,ZZ000000000000,1182,1,1140,1
2010-01-03,S14047,P080901001,CS047512000010,1182,1,95,1
2010-01-03,S14045,P080301005,ZZ000000000000,1172,1,180,1
2010-01-03,S14036,P090302002,CS036804000002,1112,1,96,1
2010-01-03,S14042,P060303001,CS042512000017,1192,2,148,1
2010-01-03,S14049,P070303014,ZZ000000000000,112,1,168,1
2010-01-03,S14036,P080403002,ZZ000000000000,112,2,175,1
2010-01-03,S14034,P070503073,CS034512000137,1172,1,348,1
2010-01-03,S14048,P050602001,ZZ000000000000,1162,2,88,1
2010-01-03,S14040,P040101008,ZZ000000000000,1162,1,420,1
2010-01-03,S14046,P050406015,ZZ000000000000,1192,2,148,1
2010-01-03,S14040,P070101017,CS040512000109,1192,2,98,1
2010-01-03,S14048,P060102051,ZZ000000000000,1102,1,120,1
2010-01-03,S14040,P070702155,CS040511000039,1142,1,248,1
2010-01-03,S14049,P040202002,ZZ000000000000,1102,2,178,1
2010-01-03,S14047,P060102072,ZZ000000000000,1142,1,200,1
2010-01-03,S14048,P080803001,ZZ000000000000,1112,2,100,1
2010-01-03,S14036,P060702001,ZZ000000000000,1132,1,88,1
2010-01-03,S14040,P060104021,ZZ000000000000,1152,2,120,1
2010-01-03,S14047,P059001001,ZZ000000000000,1152,1,238,1
2010-01-03,S14033,P080803001,ZZ000000000000,1142,1,100,1
2010-01-03,S14048,P071005012,ZZ000000000000,1142,2,102,1
2010-01-03,S14046,P060103002,ZZ000000000000,112,1,130,1
2010-01-03,S14040,P080803001,ZZ000000000000,112,1,100,1
2010-01-03,S14047,P071401016,ZZ000000000000,1112,2,2200,1
2010-01-03,S14034,P090103001,ZZ000000000000,1102,2,90,1
2010-01-03,S14045,P080702006,ZZ000000000000,1132,2,198,1
2010-01-03,S14049,P070407032,ZZ000000000000,1142,2,228,1
2010-01-03,S14040,P050601001,ZZ000000000000,1172,1,138,1
2010-01-03,S14033,P050601001,ZZ000000000000,1162,2,138,1
2010-01-03,S14034,P070707051,CS034512000107,1182,2,148,1
2010-01-03,S14033,P040504001,CS033615000088,1112,2,180,1
2010-01-03,S14045,P090806020,ZZ000000000000,1122,1,248,1
2010-01-03,S14040,P070101034,ZZ000000000000,1122,2,123,1
2010-01-03,S14033,P060101002,ZZ000000000000,1172,2,160,1
2010-01-03,S14045,P060101002,ZZ000000000000,1152,2,160,1
2010-01-03,S14047,P050701009,ZZ000000000000,1162,1,138,1
2010-01-03,S14042,P050304003,ZZ000000000000,1162,2,155,1
2010-01-03,S14042,P071102001,CS042512000017,1192,1,190,1
2010-01-03,S14049,P080101001,ZZ000000000000,1152,1,30,1
2010-01-03,S14042,P090302080,ZZ000000000000,1152,1,250,1
2010-01-03,S14042,P070504009,ZZ000000000000,1162,1,168,1
2010-01-03,S14042,P070706008,CS042512000013,1182,2,100,1
2010-01-03,S14033,P050701010,ZZ000000000000,1192,2,138,1
2010-01-03,S14042,P071004020,ZZ000000000000,1122,1,102,1
2010-01-03,S14042,P080901001,ZZ000000000000,1102,1,95,1
2010-01-03,S14040,P050701009,ZZ000000000000,112,2,138,1
2010-01-03,S14040,P071401012,ZZ000000000000,1132,2,2200,1
2010-01-03,S14042,P071401012,ZZ000000000000,1142,2,2200,1
2010-01-03,S14048,P060804001,ZZ000000000000,1162,1,450,1
2010-01-03,S14036,P080703001,ZZ000000000000,1152,2,248,1
2010-01-03,S14040,P071004001,ZZ000000000000,1172,2,102,1
2010-01-03,S14049,P080703001,ZZ000000000000,1172,2,248,1
2010-01-03,S14047,P050301019,ZZ000000000000,1172,2,148,1
2010-01-03,S14046,P040503001,ZZ000000000000,112,2,298,1
2010-01-03,S14040,P070405107,ZZ000000000000,1132,1,228,1
2010-01-03,S14034,P070303042,CS034512000091,1142,2,245,1
2010-01-03,S14034,P050104002,CS034512000055,1152,1,115,1
2010-01-03,S14049,P090302028,ZZ000000000000,1112,1,160,1
2010-01-03,S14040,P040503001,ZZ000000000000,1122,1,298,1
2010-01-03,S14047,P050405002,ZZ000000000000,1122,1,158,1
2010-01-03,S14049,P070802005,ZZ000000000000,1112,2,118,1
2010-01-03,S14046,P050405002,ZZ000000000000,1112,2,158,1
2010-01-03,S14040,P071302006,CS040512000109,1192,1,358,1
2010-01-03,S14036,P070103005,CS036512000163,1172,1,338,1
2010-01-03,S14046,P040101006,ZZ000000000000,1182,1,298,1
2010-01-03,S14042,P050301001,CS042512000013,1182,1,50,2
2010-01-03,S14045,P070306014,ZZ000000000000,1162,2,233,1
2010-01-03,S14040,P071101007,CS040615000011,1112,1,680,1
2010-01-03,S14045,P090206052,ZZ000000000000,1102,2,900,1
2010-01-03,S14040,P050102003,CS040615000011,1102,2,185,1
2010-01-03,S14045,P070902024,ZZ000000000000,1142,1,148,1
2010-01-03,S14034,P070307002,CS034512000064,1122,2,98,1
2010-01-03,S14033,P040501001,ZZ000000000000,1182,2,100,1
2010-01-03,S14045,P040102017,ZZ000000000000,1182,2,438,1
2010-01-03,S14033,P040501001,ZZ000000000000,1132,2,100,1
2010-01-03,S14047,P050101001,ZZ000000000000,1162,2,40,1
2010-01-03,S14042,P070703010,ZZ000000000000,1152,2,125,1
2010-01-03,S14036,P040203002,ZZ000000000000,1152,1,428,1
2010-01-03,S14042,P060101007,ZZ000000000000,112,1,180,1
2010-01-03,S14047,P070203013,ZZ000000000000,112,1,150,1
2010-01-03,S14033,P070203006,CS033615000088,1112,1,118,1
2010-01-03,S14046,P071401008,ZZ000000000000,1102,2,1200,1
2010-01-03,S14047,P050104010,ZZ000000000000,1102,2,210,1
2010-01-03,S14045,P070307068,ZZ000000000000,1102,1,398,1
2010-01-03,S14047,P050101001,ZZ000000000000,1102,1,40,1
2010-01-03,S14049,P090102059,ZZ000000000000,1102,1,380,1
2010-01-03,S14036,P060101007,ZZ000000000000,1102,1,180,1
2010-01-03,S14049,P071001084,ZZ000000000000,1152,2,218,1
2010-01-03,S14046,P050303002,ZZ000000000000,1142,2,105,1
2010-01-03,S14040,P050103016,CS040511000039,1142,2,165,1
2010-01-03,S14033,P090701053,CS033511000014,1152,1,780,1
2010-01-03,S14048,P090806001,ZZ000000000000,1182,1,35,1
2010-01-03,S14049,P070405191,ZZ000000000000,1182,2,298,1
2010-01-03,S14046,P080602002,ZZ000000000000,1132,1,398,1
2010-01-03,S14042,P070202002,ZZ000000000000,1142,1,100,1
2010-01-05,S14036,P071401007,CS036214000009,112,1,1200,1
2010-01-05,S14045,P060102066,ZZ000000000000,112,1,150,1
2010-01-05,S14034,P070806018,CS034214000008,112,1,395,1
2010-01-05,S14048,P059001020,ZZ000000000000,112,2,458,1
2010-01-05,S14047,P090806040,ZZ000000000000,1172,1,398,1
2010-01-05,S14046,P050602002,CS046414000003,1192,1,198,1
2010-01-05,S14048,P091503001,ZZ000000000000,1142,2,280,1
2010-01-05,S14046,P050304001,CS046411000004,1122,2,118,1
2010-01-05,S14048,P070506002,ZZ000000000000,1122,2,168,1
2010-01-05,S14047,P060103001,ZZ000000000000,1132,2,100,1
2010-01-05,S14045,P060101001,ZZ000000000000,112,2,110,1
2010-01-05,S14042,P071003028,CS042214000003,112,2,138,1
2010-01-05,S14049,P071102004,ZZ000000000000,1132,2,458,1
2010-01-05,S14040,P071102004,ZZ000000000000,1142,2,458,1
2010-01-05,S14047,P060101005,ZZ000000000000,1142,2,170,1
2010-01-05,S14046,P080702009,ZZ000000000000,1132,2,258,1
2010-01-05,S14045,P060303001,ZZ000000000000,1132,2,148,1
2010-01-05,S14034,P091402002,CS034414000024,1192,1,900,1
2010-01-05,S14042,P091501023,ZZ000000000000,1192,2,510,1
2010-01-05,S14049,P090403004,ZZ000000000000,1192,2,275,1
2010-01-05,S14033,P071401001,CS033411000018,1152,1,1100,1
2010-01-05,S14033,P060806028,ZZ000000000000,1122,1,180,1
2010-01-05,S14036,P040802005,CS036515000057,1112,1,368,1
2010-01-05,S14047,P040101001,ZZ000000000000,1162,2,198,1
2010-01-05,S14040,P040101001,ZZ000000000000,1192,2,198,1
2010-01-05,S14048,P060402005,ZZ000000000000,1152,2,228,1
2010-01-05,S14045,P060702024,ZZ000000000000,1182,1,188,1
2010-01-05,S14047,P060603001,CS047414000002,1192,1,68,1
2010-01-05,S14034,P080503006,CS034414000083,1182,2,238,1
2010-01-05,S14047,P060303001,ZZ000000000000,112,2,148,1
2010-01-05,S14046,P060303001,ZZ000000000000,112,2,148,1
2010-01-05,S14046,P060303001,ZZ000000000000,1102,1,148,1
2010-01-05,S14045,P050102001,ZZ000000000000,1102,1,60,1
2010-01-05,S14033,P060602011,ZZ000000000000,1122,2,98,1
2010-01-05,S14042,P071001048,ZZ000000000000,1172,2,102,1
2010-01-05,S14033,P071401008,ZZ000000000000,1192,1,1200,1
2010-01-05,S14033,P071401016,ZZ000000000000,1162,2,2200,1
2010-01-05,S14042,P050602001,ZZ000000000000,1142,2,88,1
2010-01-05,S14036,P040101001,CS036411000053,1142,1,198,1
2010-01-05,S14042,P070504022,ZZ000000000000,1132,1,218,1
2010-01-05,S14048,P080101001,CS048411000001,1132,2,30,1
2010-01-05,S14049,P040503001,ZZ000000000000,1152,2,298,1
2010-01-05,S14048,P080703001,ZZ000000000000,1162,1,248,1
2010-01-05,S14045,P080201005,ZZ000000000000,1162,1,115,1
2010-01-05,S14042,P071006001,CS042411000002,1152,2,108,1
2010-01-05,S14042,P071401009,ZZ000000000000,1162,1,1200,1
2010-01-05,S14040,P071401009,ZZ000000000000,1182,2,1200,1
2010-01-05,S14048,P050601004,ZZ000000000000,1172,1,185,1
2010-01-05,S14046,P060204001,ZZ000000000000,1162,2,30,1
2010-01-05,S14048,P071003046,ZZ000000000000,1162,2,398,1
2010-01-05,S14040,P060403009,CS040411000075,1162,2,188,1
2010-01-05,S14046,P040501002,ZZ000000000000,1132,1,180,1
2010-01-05,S14034,P070101027,ZZ000000000000,1122,2,113,1
2010-01-05,S14046,P071002001,ZZ000000000000,1102,2,88,1
2010-01-05,S14034,P050101002,ZZ000000000000,1132,2,128,1
2010-01-05,S14042,P050101002,ZZ000000000000,1122,1,128,1
2010-01-05,S14046,P050101002,ZZ000000000000,1182,1,128,1
2010-01-05,S14048,P050101002,ZZ000000000000,1192,2,128,1
2010-01-05,S14046,P050403003,CS046414000003,1192,2,128,1
2010-01-05,S14047,P060602012,ZZ000000000000,1112,2,98,1
2010-01-05,S14049,P050407003,ZZ000000000000,1172,2,148,1
2010-01-05,S14046,P071005002,ZZ000000000000,112,1,78,1
2010-01-05,S14048,P040501005,ZZ000000000000,1182,2,278,1
2010-01-05,S14048,P090904063,CS048411000001,1132,1,280,1
2010-01-05,S14045,P071001032,ZZ000000000000,1122,2,102,1
2010-01-05,S14040,P070202001,CS040515000071,1122,1,100,1
2010-01-05,S14049,P071401001,ZZ000000000000,1132,1,1100,1
2010-01-05,S14033,P070101001,CS033515000219,1102,1,38,1
2010-01-05,S14034,P071401001,ZZ000000000000,1112,2,2200,2
2010-01-05,S14049,P050502105,ZZ000000000000,1102,2,252,1
2010-01-05,S14047,P050406023,ZZ000000000000,1152,2,178,1
2010-01-05,S14034,P071401001,ZZ000000000000,1142,2,1100,1
2010-01-05,S14046,P090102001,ZZ000000000000,1182,2,60,1
2010-01-05,S14048,P091503005,ZZ000000000000,1172,2,1280,1
2010-01-05,S14046,P050701001,ZZ000000000000,1172,2,88,1
2010-01-05,S14042,P080901001,ZZ000000000000,1102,1,95,1
2010-01-05,S14045,P050701001,ZZ000000000000,1152,2,88,1
2010-01-05,S14036,P060801021,ZZ000000000000,1152,1,90,1
2010-01-05,S14046,P050301011,ZZ000000000000,1152,1,120,1
2010-01-05,S14034,P071401004,ZZ000000000000,1112,1,1100,1
2010-01-05,S14045,P080401024,ZZ000000000000,1102,2,180,1
2010-01-05,S14042,P071101001,ZZ000000000000,1162,2,278,1
2010-01-05,S14045,P050101009,ZZ000000000000,1162,2,208,1
2010-01-05,S14040,P080702001,CS040411000075,1162,1,110,1
2010-01-05,S14045,P080503005,ZZ000000000000,1172,1,218,1
2010-01-05,S14046,P040204001,ZZ000000000000,1112,1,158,1
2010-01-05,S14042,P071101001,ZZ000000000000,1112,1,278,1
2010-01-05,S14040,P071102003,CS040411000008,1152,2,190,1
2010-01-05,S14049,P080804001,ZZ000000000000,1192,1,100,1
2010-01-05,S14040,P090301017,ZZ000000000000,1192,1,135,1
2010-01-05,S14042,P070901001,ZZ000000000000,1182,1,98,1
2010-01-05,S14047,P090304015,ZZ000000000000,1102,2,760,1
2010-01-05,S14034,P070707103,ZZ000000000000,1102,2,238,1
2010-01-05,S14046,P060102014,ZZ000000000000,1112,2,100,1
2010-01-05,S14048,P080804001,ZZ000000000000,1112,1,100,1
2010-01-05,S14049,P060503001,ZZ000000000000,1152,1,78,1
2010-01-05,S14046,P070308011,ZZ000000000000,1172,1,208,1
2010-01-05,S14049,P070710051,ZZ000000000000,1142,1,518,1
2010-01-05,S14042,P080201007,ZZ000000000000,1142,1,128,1
2010-01-05,S14036,P050603001,ZZ000000000000,1122,1,168,1
2010-01-05,S14034,P050603001,ZZ000000000000,1142,1,168,1
2010-01-05,S14040,P080203002,CS040411000008,1152,1,135,1
2010-01-05,S14034,P080703001,CS034414000053,1152,2,248,1
2010-01-05,S14040,P050301009,ZZ000000000000,112,2,98,1
2010-01-05,S14036,P090301044,ZZ000000000000,1182,1,315,1
2010-01-05,S14033,P090103021,ZZ000000000000,1162,1,210,1
2010-01-05,S14036,P090204082,ZZ000000000000,1172,1,490,1
2010-01-05,S14049,P060203001,ZZ000000000000,1172,1,98,1
2010-01-05,S14033,P071103010,CS033515000219,1102,2,670,1
2010-01-05,S14036,P060502001,ZZ000000000000,1122,2,100,1
2010-01-05,S14033,P040201002,CS033214000009,112,1,178,1
2010-01-05,S14049,P071401001,ZZ000000000000,112,2,1100,1
2010-01-05,S14048,P050101007,ZZ000000000000,112,1,168,1
2010-01-05,S14045,P071005016,ZZ000000000000,1132,1,102,1
2010-01-05,S14047,P071101014,ZZ000000000000,1132,1,780,1
2010-01-05,S14042,P040701007,ZZ000000000000,1112,2,298,1
2010-01-05,S14048,P060202001,ZZ000000000000,1102,1,600,1
2010-01-05,S14047,P070501008,ZZ000000000000,1102,1,155,1
2010-01-05,S14034,P050301026,ZZ000000000000,1132,1,198,1
2010-01-05,S14036,P050504008,ZZ000000000000,1132,1,180,1
2010-01-05,S14046,P070707002,ZZ000000000000,1142,1,45,1
2010-01-05,S14045,P080101070,ZZ000000000000,1142,1,135,1
2010-01-05,S14034,P071101001,CS034414000052,1162,2,278,1
2010-01-05,S14046,P040501001,ZZ000000000000,1152,2,100,1
2010-01-05,S14048,P080401001,ZZ000000000000,1182,1,48,1
2010-01-05,S14034,P059001026,CS034414000083,1182,1,588,1
2010-01-05,S14033,P071006001,ZZ000000000000,1172,2,108,1
2010-01-05,S14042,P071001018,ZZ000000000000,1182,2,102,1
2010-01-05,S14049,P050402003,ZZ000000000000,1182,2,480,1
2010-01-05,S14045,P091402001,ZZ000000000000,1192,2,900,1
